Date,ISOWeek,DOI,Version,Category,Title,Authors
2026-04-20,17,10.1101/2024.04.02.587783,2,genomics,How and why ampliconic genes survive on the human Y chromosome,"Pal, K.; Greshnova, A.; Park, S.; Ko, B. J.; Palova, H.; Steinegger, M.; Kosakovsky Pond, S. L.; Canzar, S.; Makova, K. D."
2026-04-20,17,10.1101/2024.11.05.620812,2,biochemistry,Intraflagellar transport protein IFT172 contains a C-terminal ubiquitin-binding U-box-like domain involved in ciliary signaling,"Zacharia, N. K.; Kuhns, S.; Boegholm, N.; Christensen, A.; Wang, J.; Petriman, N. A.; Lorentzen, A.; Fialova, J. L.; Menguy, L.; Saunier, S.; Christensen, S. T.; Andersen, J. S.; Bhogaraju, S.; lorentzen, e."
2026-04-20,17,10.1101/2025.08.28.672844,2,genomics,Collateral mutagenesis funnels multiple sources of DNA damage into a ubiquitous mutational signature,"Spisak, N.; de Manuel, M.; Przeworski, M."
2026-04-20,17,10.1101/2025.09.18.672001,3,biochemistry,"Pontocerebellar Hypoplasia linked mutations of the deadenylase Target of EGR1 (TOE1) impair thermal stability, ribonuclease activity, and oligomerization.","Zavala, L.; Sobien, M.; Hayne, C. K."
2026-04-20,17,10.64898/2025.12.01.691549,2,bioinformatics,SNooPy: a statistical framework for long-read metagenomic variant calling,"Faure, R.; Faure, U.; Truong, T. M. K.; Derzelle, A.; Lavenier, D.; Flot, J.-F.; Quince, C."
2026-04-20,17,10.64898/2026.02.27.708323,2,bioinformatics,Evaluation of deep learning tools for chromatin contact prediction,"Nguyen, T. H. T.; Vermeirssen, V."
2026-04-20,17,10.64898/2026.04.15.718429,2,bioengineering,Bacteria-mimetic bioadhesives with multivalent mucoadhesion and drug-compatible delivery,"Johnston, E.; Farrow, M.; Yang, Z.; Bahmani, A.; Liu, Y.; Huang, X.; Yan, J.; Li, J."
2026-04-20,17,10.64898/2026.04.15.718654,2,bioinformatics,LagCI Enables Inference of Temporal Causal Relationships from Dense Multi-Omic Time Series,"Ge, Y.; Bai, S.; Qiang, Z.; Liu, Y.; Wu, Y.; Shen, X."
2026-04-20,17,10.64898/2026.04.15.718104,1,bioinformatics,Natively entangled proteins are linked to human disease and pathogenic mutations likely due to a greater misfolding propensity,"Anglero Mendez, M. F.; Sitarik, I.; Vu, Q. V.; Totoo, P.; Stephenson, J. D.; Song, H.; O'Brien, E. P."
2026-04-20,17,10.64898/2026.04.15.718725,1,bioinformatics,Genome-wide identification and characterization of the NAC transcription factor family in Cynodon dactylon and their expression during abiotic stresses,"Poudel, A.; Wu, Y."
2026-04-20,17,10.64898/2026.04.17.719328,1,synthetic biology,Elucidating the Bell-Shaped Dependence of Protein Translation Activity on EF-Tu Concentration in a Reconstituted Cell-Free System Using a Mechanistic Model,"Ban, S.; Himeoka, Y.; Kagawa, A.; Shimizu, Y.; Matsuura, T.; Furusawa, C."
2026-04-20,17,10.64898/2026.04.15.718841,1,microbiology,Integrated Resistome and Quantitative Proteomics Reveal Coordinated Resistance Architecture in MDR and XDR Gram-Negative ICU Pathogens,"Lima, A. A.; Silva, D.; Sherman, N. E.; Nogueira, L.; Clementino, M. A.; Havt, A.; Quirino Filho, J.; Sousa, F.; Lima, I. F. N.; Costa, D. D. S.; Ribeiro, S.; Mesquita, F.; Sousa, J.; Lino, L.; Alves, A.; Damasceno, A.; Carneiro, L.; Gondim, R.; Fragoso, L. V.; Rodrigues, J. L.; Miyajima, F.; Carvalho, B.; Maia, M. S.; Arruda, E. A. G. d."
2026-04-20,17,10.64898/2026.04.14.718527,1,bioengineering,HYPER-Net: Physics-Conditioned Self-Supervised Reconstruction for Fourier Light-Field Microscopy,"Ling, Z.; Hua, X.; Liu, W.; Wu, H.; Chen, P.; Peng, L.; Hou, J.; Forghani, P.; Pierce, C.; Kim, G.-A.; Takayama, S.; Nie, S.; Xu, C.; Lu, H.; Jia, S."
2026-04-20,17,10.64898/2026.04.18.719346,1,microbiology,Genetic diversity and antimicrobial susceptibility pattern of Shiga toxin-producing Escherichia coli and Campylobacter spp. isolated from healthy goats in southern Thailand,"Wiriyaprom, R.; Ngasaman, R.; Kaewnoi, D.; Prachantasena, S."
2026-04-20,17,10.64898/2026.04.17.719132,1,microbiology,A global metagenomic atlas uncovers ubiquitous biosynthetic potential linked to adaptation in extreme environments,"Du, R.; He, R.; Qi, Q.; Li, Z.; Tang, Q.; Zhang, Z.; Xu, X.; Peng, H.; Liu, J.; Medema, M. H.; Xu, Q."
2026-04-20,17,10.64898/2026.04.16.719099,1,biophysics,Nonlinear Dynamics of Left Ventricular Mass Remodeling in Chagas Cardiomyopathy,"Benchimol-Barbosa, P. R.; Loayza-Benchimol-Barbosa, A. C.; Carvalhaes, C. G.; Kantharia, B. K."
2026-04-20,17,10.64898/2026.04.15.718765,1,pharmacology and toxicology,Glucose and fructose differently mediate alcohol cocktail drinking in female and male rats: interaction of glucose and alcohol on post-ingestive behavior,"Kuebler, I. R. K.; Zimmerman, G.; Ng, S. Q.; Schneider, H. M.; Sextro, K.; Denning, A.; Mattes, B.; Matuszeski, M.; Suarez, M.; Wakabayashi, K. T."
2026-04-20,17,10.64898/2026.04.15.718735,1,bioinformatics,KIR*BLOOM: Accurate KIR genotyping using a new copy number-aware integrated genotype likelihood framework,"Gohar, Y.; Garcia, A. D.; Kichula, K. M.; Norman, P. J.; Dilthey, A. T."
2026-04-20,17,10.64898/2026.04.15.718674,1,pharmacology and toxicology,Towards Bayesian-based quantitative adverse outcome pathways using in vitro data from open literature and continuous variables: a case example for liver fibrosis.,"Durnik, R.; Juchelkova, T.; Hecht, H.; Winkelman, L. M. T.; Beltman, J. B.; Comoul, X.; Jornod, F.; Audouze, K.; Blaha, L.; Bajard, L."
2026-04-20,17,10.64898/2026.04.19.719434,1,synthetic biology,Selective Hydrolytic Defluorination of Branched Perfluorooctanoic Acid Isomers by a Haloacid Dehalogenase,"Hu, M.; Bhardwaj, S.; Newton, S.; Caputo, A. T.; Manefield, M. J.; Scott, C."
2026-04-20,17,10.64898/2026.04.19.719495,1,microbiology,Discovery and characterisation of OMVs produced by the bee gut microbiota,"Eyles, R. P.; Kwong, W. K."
2026-04-20,17,10.64898/2026.04.19.719497,1,microbiology,Endophytic fungi from avocado trees exhibit potential for multi-target biocontrol applications,"Sanchez-Hernandez, D.; Ibarra-Juarez, L. A.; Larsen, J.; Reverchon, F."
2026-04-20,17,10.64898/2026.04.16.718976,1,genomics,GenePT Revisited: Do Better Text Embeddings Make Better Gene Embeddings?,"Hedley, J. G.; Torr, P. H. S.; Märtens, K."
2026-04-20,17,10.64898/2026.01.06.698042,3,biochemistry,AlphaFold3 predictions of novel GLI-SUFU interfaces identify binding-defective SUFU missense variants from medulloblastoma and Gorlin Syndrome patients,"Bardwell, A. J.; Arif, U.; Muhammad, F.; Salinas Auris, C. N.; Bardwell, L."
2026-04-20,17,10.64898/2026.04.16.718887,1,bioinformatics,How Mitochondria Distribute and Align in HeLa Cells: A Computational Analysis On Electron Microscopy Images.,"Brito Pacheco, D.; Giannopoulos, P.; Reyes-Aldasoro, C. C."
2026-04-20,17,10.64898/2026.04.16.718707,1,bioinformatics,Full-Length Molecular Models of Brain-Derived α-Synuclein Fibrils Reveal a Fuzzy-Coat-Mediated Mechanism for Selective Peptide Binding,"Pintado-Grima, C.; Barcenas, O.; Tesei, G.; Thomasen, F. E.; Lindorff-Larsen, K.; Ventura, S."
2026-04-20,17,10.64898/2026.04.16.718468,1,bioinformatics,"diagFDR: Verifiable False Discovery Rate Reporting in Proteomics via Scope, Calibration, and Stability Diagnostics","Chion, M.; Godmer, A.; Douche, T.; Matondo, M.; Giai Gianetto, Q."
2026-04-20,17,10.1101/2025.11.05.686895,2,bioinformatics,Uncertainty-Aware Deep Learning for Multi-Metric and Dose-Specific Prediction of Drug Synergy,"Heydari, M. J.; Lye, B.; Masouri, P.; Marsland, T.; Pamulapati, K.; Vary, R.; Allen, H.; Simpson, K. J.; Lock, J. G.; McKenna, J.; Vafaee, F."
2026-04-20,17,10.1101/2022.04.19.488738,2,bioinformatics,fastman: A Fast Algorithm for Visualising GWAS Results Using Manhattan and Q-Q Plots in R,"Paria, S. S.; Rahman, S. R.; Adhikari, K."
2026-04-20,17,10.64898/2026.04.17.719300,2,biophysics,Mechanism of HIV-1 Capsid Rupture and Uncoating by Reverse Transcription,"Ghosh, K.; Gupta, M.; Voth, G. A."
2026-04-20,17,10.64898/2026.04.16.718662,1,biophysics,cryoAgent: An agentic workflow for robust and adaptive end-to-end cryo-EM image processing,"Li, D.; Yang, S.; Xiao, Q.; Niu, T.; Zhang, Y.; Zhu, Y.; Sun, F."
2026-04-21,17,10.64898/2026.04.16.718958,1,bioinformatics,Reveal Principles of Codon Optimization via Machine Learning,"Deng, F.; Li, H.; Sun, D.; Duan, G.; Sun, Z.; Xue, G."
2026-04-21,17,10.64898/2026.04.17.719159,1,bioinformatics,Consensus Through Diversity: A Comprehensive Benchmark of Multi-Omic Approaches for Precision Breast Oncology,"Sionakidis, A.; Pinilla Alba, K.; Abraham, J.; Simidjievski, N."
2026-04-21,17,10.64898/2026.04.16.718947,1,bioinformatics,CRISP enables comparisons of image-based spatial transcriptomicsegmentation quality across ten organs,"Rose, J. R.; Rose, E. S.; Assumpcao, J. A. F.; Pathak, H.; Peck, H. E.; Sasser, L. E.; Patel, C. J.; Vanover, D.; Santangelo, P. J."
2026-04-21,17,10.1101/2025.11.20.689422,3,bioinformatics,XAMP: debiased dual-engine AI framework enables global discovery of antimicrobial peptides from deep-sea microbiomes,"Chen, B.; Mou, X.; Song, Z.; Lin, H.; Han, T.; Wang, R.; Ou, H.-Y.; Zhang, Y.; Li, J."
2026-04-21,17,10.64898/2026.04.17.719187,1,biophysics,In silico model of neuronal pathfinding during spinal cord regeneration in zebrafish larvae,"Neumann, O. F.; Kravikass, M.; John, N.; Ramachandran, R. G.; Steinmann, P.; Zaburdaev, V.; Wehner, D.; Budday, S."
2026-04-21,17,10.64898/2026.04.16.719046,1,genomics,A Seychelles warbler genomic toolkit,"Lee, K. G. L.; Bartleet-Cross, C.; Gonzalez-Mollinedo, S.; Dong, S.; Pinto, A.; Lee, C. Z.; Sparks, A.; van de Velde, M.; Manarelli, M.-E.; Holden, T.; Tucker, R.; Maher, K. H.; Hipperson, H.; Slate, J.; Komdeur, J.; Richardson, D.; Dugdale, H.; Burke, T."
2026-04-21,17,10.64898/2026.04.17.719154,1,genomics,"Closely related, yet phenotypically different - Genome assemblies of two sister species of widow spiders: Latrodectus hasselti and L. katipo, Theridiidae","Ivanov, V.; Uludag, K. O.; Schöneberg, Y.; Schneider, J. M.; Kennedy, S.; Hamadou, A. B.; Vink, C. J.; Krehenwinkel, H."
2026-04-21,17,10.64898/2026.04.16.719076,1,genomics,Genomic diversification underlies the broad ecological range of Salmonella enterica serotype Typhimurium,"Ohri, L.; Chinnareddy, S.; Goh, Y.-X.; Zhang, H.; Deng, X.; Pruden, A.; Cheng, R.; Li, S.; Liao, J."
2026-04-21,17,10.64898/2026.04.16.719068,1,biochemistry,Self-Interaction Nanoparticle Spectroscopy Predicts High-Concentration Viscosity of Therapeutic IgG1 Antibodies,"Paidi, S. K.; Ibrahim, J.; Stepurska, K.; Zarzar, J.; Izadi, S.; Rude, E.; Luu, S.; Kovner, D.; O'Connor, K.; Bol, K.; Mehta, S.; Andersen, N.; Stephens, N.; Makowski, E.; Heisler, J.; Swartz, T.; Carter, P. J.; Baginski, T."
2026-04-21,17,10.64898/2026.04.16.719024,1,biochemistry,PARP1 regulates the genomic ribonucleotide processing activity of TOP1 to prevent the formation of toxic TOP1-DNA adducts and the associated mutations.,"Sarrain, E. J.; Wang, Q.; Bondoy, A. C.; Guo, F.; Cao, Q.; Niu, H."
2026-04-21,17,10.64898/2026.04.17.713973,1,bioengineering,Modular fluidic automation platform with integrated thermal control for multi-step molecular imaging workflows,"Banerjee, T. D.; Raine, J.; Mathuru, A.; Monteiro, A."
2026-04-21,17,10.64898/2026.04.16.719034,1,bioengineering,Identification and Optimization of Kratom Strictosidine Pathway Enabled by Yeast Multiplex Engineering,"Wu, Y.; Han, D. O.; Gong, F. L.; Li, S."
2026-04-21,17,10.64898/2026.04.17.719323,1,bioengineering,Noncoaxial Transcatheter Aortic Valve Deployment Creates Cusp-Specific Thrombogenic Microenvironments Through Altered Sinus Hemodynamics,"Natarajan, T.; Kim, J. H.; Salgado, C. D.; Jha, A.; Baker, C.; Sellers, S. L.; Aslan, J. E.; Hinds, M. T.; Yoganathan, A. P.; Dasi, L. P."
2026-04-21,17,10.64898/2026.04.17.719294,1,bioengineering,Effects of MRI on an Injectable Hydrogel with Magnetically Alignable Microstructures for Oriented Cell Growth,"Oloumi Yazdi, Y.; Bennet, T. J.; Yung, A.; Bale, K.; Pieters, A.; Liubchak, I.; Meyer, A. A.; Caffrey, T. M.; Reinsberg, S.; De Laporte, L.; Madden, J. D. W.; Cheung, K. C."
2026-04-21,17,10.64898/2026.04.16.719110,1,bioengineering,Running Style and Stability During Uphill Running Are Largely Preserved with Increasing Shoe Sole Thickness,"Kettner, C.; Stetter, B. J.; Stein, T."
2026-04-21,17,10.64898/2026.04.17.719243,1,bioinformatics,Bi-level diversity optimisation for representative protein panel selection,"Ou, Z.; James, K.; Charnock, S.; Wipat, A."
2026-04-21,17,10.64898/2026.04.17.719314,1,bioinformatics,Benchmarking single-cell foundation models for real-world RNA-seq data integration,"Han, S.; Sztanka-Toth, T.; Senel, E.; Elnaggar, A.; Patel, J.; Mansi, T.; Smirnov, D.; Greshock, J.; Javidi, A."
2026-04-21,17,10.64898/2026.04.17.719146,1,bioinformatics,Automated landmark and semilandmark annotation for wing geometric morphometrics in Diptera using deep learning,"Nolte, K.; Baumbach, J.; Kollmannsberger, P.; Sauer, F. G.; Luehken, R."
2026-04-21,17,10.64898/2026.04.17.719309,1,bioinformatics,Dissecting the coordinated progression of cell states in spatial transcriptomics with CoPro,"Miao, Z.; Qu, Y.; Huang, S.; Laux, L.; Peters, S.; Aristel, A.; Zhang, Z.; Niedernhofer, L. J.; McMahon, A.; Kim, J.; Zhang, N."
2026-04-21,17,10.64898/2026.04.17.719144,1,bioinformatics,Large-scale analysis of ligand binding mode similarities in the PDB using interaction fingerprints,"Kunnakkattu, I. R.; Choudhary, P.; Midlik, A.; Fleming, J. R.; Balasubramaniyan, B.; Sasidharan Nair, S.; Velankar, S."
2026-04-21,17,10.64898/2026.04.21.719784,1,microbiology,Rat hepatitis E virus and novel paramyxoviruses in synanthropic rodents and shrews in Kenya,"Ochola, G.; Pulkkinen, E.; Ogola, J. G.; Makela, H.; Masika, M.; Vauhkonen, H.; Smura, T.; Jaaskelainen, A. J.; Anzala, O.; Vapalahti, O.; Mweu, A. W.; Forbes, K. M.; Lindahl, J. F.; Laakkonen, J.; Uusitalo, J.; Altan, E.; Korhonen, E. M.; Sironen, T."
2026-04-21,17,10.64898/2026.04.20.719701,1,microbiology,Computational Drug Repurposing Targeting LuxS-Mediated Quorum Sensing in Fusobacterium nucleatum: A Virtual Screening and Molecular Dynamics Approach,"Cedeno, K.; De Leon, D.; Chiari, M."
2026-04-21,17,10.64898/2026.04.21.719556,1,microbiology,Analysis of a detoxified Escherichia coli strain for bacteriophage production,"Welham, E.; Park de la Torriente, A.; Arng Lee, J.; Keith, M.; McAteer, S. P.; Paterson, G. K.; Gally, D. L.; Low, A. S."
2026-04-21,17,10.64898/2026.04.21.719821,1,microbiology,Cellular remodeling during photosymbiosis establishment revealed by single-cell dual proteomics,"Yang, C.-L.; Kamal, M. M.; Ravael, L.; Wei, C.-Y.; Chen, Y.-J.; Magno, S.; Chen, C.-W.; Lin, P.-Y.; Hsu, C.-C.; Leu, J.-Y.; Ku, C."
2026-04-21,17,10.64898/2026.04.21.719790,1,microbiology,HIV-1 can undergo Env-independent retrotransposon-like activity,"Matsumura, S.; Amesimeku, W. A. O.; Rajib, S. A.; Monde, N.; Sasaki, H.; Terasawa, H.; Hossain, M. J.; Sawa, T.; Maeda, Y.; Satou, Y.; Monde, K."
2026-04-21,17,10.64898/2026.04.18.719403,1,genomics,Dibenzocyclooctyne-modified PCR primers enable direct enzyme-free click chemistry ligation for custom nanopore amplicon sequencing,"Lypaczewski, P.; Shapiro, B. J."
2026-04-21,17,10.64898/2026.04.18.719391,1,biochemistry,Ant abaecin-2 is a context-dependent copper-binding effector that can be either inhibitory or protective,"Donaghy, C. M.; Heyer-Gray, H.; O'Hern, C.; Ibrahim, M.; Perez-Torres, B.; Bogues, N.; Alexandrescu, A.; Djoko, K.; Klassen, J. L.; Angeles-Boza, A. M."
2026-04-21,17,10.64898/2026.04.18.719333,1,bioinformatics,A sequence-based proactive intelligence for influenza antigenic profiling improves vaccine strain selection,"Chen, Y.; Xu, Y.; Cheng, Y.; Qi, X.; Bai, T.; Yang, J.; Luo, H.; Du, X.; Zhu, L.; Yang, L.; Shi, M.; Wang, D.; Li, Z.; Shu, Y."
2026-04-21,17,10.64898/2026.04.18.719374,1,bioinformatics,Topographical archetypes of somatic mutagenesis in cancer,"Lynch, A. W.; Lee, S. S.; Hummel, J. P.; Geiger, B.; Lawrence, M. S.; Jin, H.; Gulhan, D. C.; Park, P. J."
2026-04-21,17,10.64898/2026.04.18.719404,1,bioinformatics,Benchmarking Agentic Large Language Models for ComplexProtein-Set Functional Annotation,"Zhang, X."
2026-04-21,17,10.64898/2026.04.18.719420,1,bioinformatics,Novel Parameter-Free and Interpretable Integration of CITE-seq RNA and ADT Profiles via Tensor Decomposition-Based Unsupervised Feature Extraction,"Taguchi, Y.-h.; Turki, T."
2026-04-21,17,10.64898/2026.04.18.719315,1,bioinformatics,Foundation cell segmentation models performance on live microscopy and spatial-omics data,"Miao, Y.; Surguladze, N.; Lerner, J.; Poysungnoen, K.; Ariano, K.; Li, Y.; Zhu, Y.; Van Batavia, K.; Jepson, J.; Van De Klashorst, J.; Ni, B. Y. X.; Armstrong, A.; Rahman, R.; Horstmeyer, R.; Hickey, J. W."
2026-04-21,17,10.64898/2026.04.20.719664,1,synthetic biology,Rational engineering enhances the signal and modularity of an RNA barcoding technology to track gene transfer in microbiomes,"Karinje, L.; Silberg, J.; Chappell, J.; Stadler, L."
2026-04-21,17,10.64898/2026.04.21.719802,1,microbiology,Epistatic interaction between ribosome-associated Era GTPase and stringent response regulator RelA modulates bacterial cell growth and dormancy,"Pal, R.; Sharma, H.; Sabharwal, P.; Vinothkumar, K. R.; Anand, B."
2026-04-21,17,10.64898/2026.04.20.719600,1,biochemistry,S-Adenosyl-D-methionine as a Non-Physiological Substrate for a Wide Range of SAM-Dependent Enzymes,"Germer, P.; Gericke, L.; Koeppl, L.-H.; Zou, Z.; Jockmann, E.; Kuge, M.; Zoller, K.; Herrmann, H.; Fuderer, R.; Mohr, M. K. F.; Bartels, A.; Oral, G.; Lukat, P.; Layer, G.; Mueller, M.; Blankenfeldt, W.; Barra, L.; Andexer, J. N."
2026-04-21,17,10.1101/2025.03.14.643229,6,biophysics,Heterotypic interfacial tension between oncogenic and wild-type populations forms the mechanical basis of tissue-specific oncogenesis in epithelia,"Datta, A.; Dewan, P.; Anto, A.; Chhabra, T.; Tejaswi, T.; Muthukrishnan, S.; Rao, A.; Sarkar, S.; Vishwakarma, M."
2026-04-22,17,10.64898/2025.12.05.692574,2,biochemistry,"Kinetic and Mechanistic Characterization of RSpFAST, A Non-Covalent Versatile Chemogenetic Platform for Fluorescence Imaging","Shpinov, Y.; Mandal, M.; van Deuren, V.; Lahlou, A.; Le Bec, M.; Chouket, R.; Moussa, C. H.; Bonin, C.; Sepasi Tehrani, H.; Coghill, I.; El Hajji, L.; Ounoughi, K.; Franco Pinto, J.; Plamont, M.-A.; Pelupessy, P.; Ayala, I.; Perez, F.; Aujard, I.; Le Saux, T.; Gautier, A.; Dedecker, P.; Brutscher, B.; Jullien, L."
2026-04-22,17,10.64898/2026.04.09.717569,2,biochemistry,A novel sample delivery method for powder X-ray diffraction at Turkish Light Source,"AYAN, E.; Kepceoglu, A.; Mermer, A."
2026-04-22,17,10.1101/2025.10.23.684152,3,bioinformatics,A novel attention mechanism for noise-adaptive and robust segmentation of microtubules in microscopy images,"Ait Laydi, A.; Cueff, L.; Crespo, M.; El Mourabit, Y.; Bouvrais, H."
2026-04-22,17,10.1101/2025.10.13.678797,2,bioinformatics,Genotype-phenotype modeling of light ecotypes in Prochlorococcus reveals genomic signatures of ecotypic divergence,"Brenner, E. P.; Vang, C. K.; Johnson, C. G.; Ravi, J."
2026-04-22,17,10.1101/2025.04.01.646625,2,bioinformatics,Intratumor Heterogeneity Through the Lens of Gene Regulatory Networks,"Rao, N.; Sapoval, N.; Nakhleh, L.; Zafar, H."
2026-04-22,17,10.64898/2026.04.22.719598,1,biophysics,Nematic order in cellular tissues: a standardized framework and anomalous defect dynamics,"Rembert, N.; Dedenon, M.; Roux, A.; Dessalles, C. A."
2026-04-22,17,10.1101/2025.11.08.687351,4,biophysics,Glassy dynamics in active epithelia emerge from an interplay of mechanochemical feedback and crowding.,"Muthukrishnan, S.; Dewan, P.; Tejaswi, T.; Sebastian, M. B.; Chhabra, T.; Mondal, S.; Kolya, S.; Sarkar, S.; Vishwakarma, M."
2026-04-22,17,10.1101/2025.03.06.641691,2,biophysics,H2A.Z facilitates Sox2-nucleosome interaction by promoting DNA and histone H3 tail mobility,"Moos, H. K.; Patel, R.; Flaherty, S. K.; Loverde, S. M.; Nikolova, E. N."
2026-04-22,17,10.64898/2026.04.21.719858,1,bioinformatics,Petabase-scale Papillomavirus Discovery,"Shen, J.; Chikhi, R.; Korobeynikov, A.; Babaian, A."
2026-04-22,17,10.1101/2023.08.07.552268,3,bioengineering,Biomechanical comparison of plate materials and designs for subcondylar fracture fixation: An in silico assessment,"Gupta, A.; Ghosh, R.; Dutta, K.; Dutta, A.; Mukherjee, K."
2026-04-22,17,10.1101/2025.08.27.672528,2,bioinformatics,IDEAL-GENOM: Integrated Downstream Analytical Toolkit for Genomic Analysis,"Gonzalez Ricardo, L. G.; Tenghe, A. M. M.; Ashok Kumar Sreelatha, A.; Sharma, M."
2026-04-22,17,10.64898/2026.04.21.719894,2,synthetic biology,A novel polymerase III promoter for gene editing in the agricultural pest Ceratitis capitata,"Hall, A. S.; Shackleton-Chavez, S. M.; Chapman, T.; Leftwich, P. T."
2026-04-22,17,10.64898/2026.04.21.719859,1,biochemistry,Bioprospecting Novel Luciferase Genes from Museum Coleoptera,"Bate, J.; Hardinge, P.; Jathoul, A. P.; Wilson, M. R.; Murray, J. A. H."
2026-04-22,17,10.64898/2026.04.21.719832,1,synthetic biology,Delineating the Transcriptional and Phenotypic Impact from Biotherapeutic Glycoengineering,"Li, H.; CHIANG, W.-T.; Gazestani, V. H.; Bao, B.; Li, S.; Menard, P.; Arnsdorf, J.; Dalgaard, Z. S.; Bjorn, S. P.; Brondum, K. K.; Hansen, A. H.; Schoffelen, S.; Voldborg, B. G.; Lewis, N. E."
2026-04-22,17,10.64898/2026.04.20.719559,1,biophysics,Spectral emission profile and wavelength tolerances affect pulse oximeter performance,"Reiser, M.; Breidenassel, A.; Amft, O."
2026-04-22,17,10.64898/2026.04.20.719571,1,microbiology,Analysis of persistence thresholds for a nonlocal PDE--ODE model of bacterial persister cells,"Li, C.; Meadows, T.; Day, T."
2026-04-22,17,10.64898/2026.04.20.719590,1,bioinformatics,Systematic Benchmarking of Kinase Bioactivity Models Across Splitting Strategies and Protein Representations,"Abbott, J. M."
2026-04-22,17,10.64898/2026.04.19.719512,1,bioinformatics,SPaCeD: Spatial Point Process Distances for Pairing the Heavy and Light Chains of B Cell Receptors from Spatial BCR-seq,"Liu, Y.; Nathoo, F.; Laumont, C.; Kalaria, S.; Nelson, B."
2026-04-22,17,10.64898/2026.04.20.719580,1,biochemistry,Molecular basis of Salla Disease: R39C Mutation Effects on the Lysosomal Transporter Sialin,"Matsingos, C.; Lot, I.; Vaz, M.; Mailliart, J.; Boulayat, M.; Debacker, C.; Goupil-Lamy, A.; Gasnier, B.; Acher, F. C.; Anne, C."
2026-04-22,17,10.64898/2026.04.20.719557,1,bioengineering,De novo masking domains that gate TNF-family ligand assembly and activity,"Kudo, S.; Kuhlman, B."
2026-04-22,17,10.64898/2026.04.21.719937,1,bioengineering,A High-Throughput Platform for Rapidly Adapting DNA Aptamers to SARS-CoV-2 Evolution,"He, Y.; Yang, Z.; Kuo, Y.-A.; Wu, Y.; Fonseca-Albert, D.; Le, K. K.; Guo, J. G.; Wang, Y.; Nguyen, A.-T.; Chen, Y.-I.; Kim, S.; Chen, W.-R.; Seifi, S.; Hong, S.; Nguyen, T. D.; Chen, Y.; Ren, P.; Lu, Y.; Yeh, H.-C."
2026-04-22,17,10.64898/2026.04.20.719543,1,biophysics,"Long-range allosteric communication, double mutant cycles, and energetic coupling in SARS-CoV-2 spike protein","Lucas, A.; Rayaprolu, V.; Mallela, K."
2026-04-22,17,10.64898/2026.04.21.719965,1,microbiology,"Rhizoxin and 2,4-diacetylphloroglucinol Contribute to Biocontrol of Pseudomonas protegens Pf-5 Against Pea Ascochyta Blight Pathogen Didymella pinodes","Priyanto, J. A.; Mwanza, C.; Purnamasari, M.; Wu, X.; Huang, L.; Yan, Q."
2026-04-22,17,10.64898/2026.04.22.720090,1,microbiology,Diversification and functional expansion of archaeal TFF machineries,"Sivabalasarma, S.; Albers, S."
2026-04-23,17,10.64898/2026.04.20.719760,1,genomics,Origin and evolution of grapevine genomes,"Wang, X.; Sun, J.; Wang, J.; Zhang, X.; Chen, S.; Jin, J.; Zhang, X.; Khan, F. S.; Wang, K.; Mei, J.; Zheng, W.; Guo, L.; Sun, H.; Liu, C.; Abe-Kanoh, N.; Ye, W.; Guo, L."
2026-04-23,17,10.64898/2026.04.13.715606,2,bioengineering,Engineering autologous ossicles for the personalized modeling of acute myeloid leukemia,"Sauter, C.; Zacharaki, D.; Garcia Garcia, A.; Hidalgo Gil, D.; Li, Y.; Grigoryan, A.; Gabriel, M.; Baudet, A.; Gonzalez Anton, S.; Cammenga, J.; Lazarevic, V.; Bourgine, P. E."
2026-04-23,17,10.64898/2026.03.13.711687,2,bioinformatics,Eco-Evolutionary Dynamics of Proliferation Heterogeneity: A Phenotype-Structured Model for Tumor Growth and Treatment Response,"Schmalenstroer, L.; Rockne, R. C.; Farahpour, F."
2026-04-23,17,10.64898/2026.03.25.714249,2,bioinformatics,DeepBranchAI: A Novel Cascade Workflow Enabling Accessible 3D Branching Network Segmentation,"Maltsev, A. V.; Hartnell, L.; Ferrucci, L."
2026-04-23,17,10.64898/2026.04.16.718997,2,bioinformatics,scSketch: Interactive Sketch-based Trajectory Exploration and Pathway-Aware Analysis of Single-Cell Data,"Temirbek, A.; Lekschas, F.; Sankaran, K.; Colubri, A."
2026-04-23,17,10.64898/2026.01.28.702368,2,biophysics,Molecular mechanisms of mitochondrial Ca2+ exchanger NCLX,"Zhang, L.; Han, Y.; Zeng, W.; Xue, J.; Wang, Y.; Jiang, Y."
2026-04-23,17,10.64898/2026.02.02.703244,3,microbiology,ACE-2-like Enzymatic Activity in Anti-SARS-CoV-2 Spike Protein Monoclonal Antibodies,"Song, Y.; Mehl, F.; No, T.; Livingston, L.; Quintero Barbosa, J. S.; Hayashi, J.; Serrero, G.; Bortz, P. S.; Wilson, J.; Crowe, J. E.; Ho, D. D.; Yin, M. T.; Tan, J.; Zeichner, S. L."
2026-04-23,17,10.64898/2026.04.16.718958,2,bioinformatics,Reveal Principles of Codon Optimization via Machine Learning,"Deng, F.; Li, H.; Sun, D.; Duan, G.; Sun, Z.; Xue, G."
2026-04-23,17,10.1101/2025.05.22.655621,4,biochemistry,Decoupling membrane permeabilization and antimicrobial activity in amphipathic peptides,"Albin, J. S.; Pentelute, B. L."
2026-04-23,17,10.64898/2026.04.20.719779,1,bioengineering,One-Pot NADH-Mediated Physiological Redox-Controlled Synthesis of Papain-Stabilized Copper Nanoclusters with Preserved Bioactivity for Efficient Drug Delivery,"Singh, A.; Anand, A.; Vanshika, V.; Balo, A.; Ahmed, F.; Qounane, M. M.; Banerjee-Ghosh, K.; Halder, R.; Ghosh, S."
2026-04-23,17,10.64898/2026.02.25.707866,2,bioinformatics,Information Geometry Reconciles Discrete and Continuous Variation in Single-Cell and Spatial Transcriptomic Analysis,"Cai, J.; Wang, Y.; Qiao, Y.; Wang, C.; Rong, Z.; Zhou, L.; Liu, H.; Jiang, M.; Shen, H.-B.; Li, J. J.; Xin, H."
2026-04-23,17,10.64898/2026.04.20.719753,1,bioinformatics,Proximity-Aware Graph Attention Networks for Spatially Resolved Cell-Cell Inference,"Dubois, L.; Petrov, A.; Jack, J."
2026-04-23,17,10.64898/2026.04.20.719761,1,bioinformatics,High Purity Differential Expression of Genes across Spatial Domains,"Wang, B.; Guo, C.; He, J.; Gao, L."
2026-04-23,17,10.64898/2026.04.03.716280,3,bioinformatics,Dissecting the Black Box of AlphaFold in Protein-Protein Complex Assembly,"Li, S.; Mu, Z.; Yan, C."
2026-04-23,17,10.64898/2026.04.22.720147,1,microbiology,"Environmental filtering, dispersal limitation, and competition control the distribution of acidophilic iron oxidizers","Grettenberger, C. L.; Williams, C.; Hamilton, T."
2026-04-23,17,10.64898/2026.04.22.720273,1,microbiology,Comparative Genomics of Bovine and Human Fusobacterium necrophorum Strains Reveal Subspecies- and Host-associated Differences in Virulence and Antimicrobial Resistance,"Kilama, J.; Holman, D. B.; Abbasi, M. A.; Amachawadi, R. G.; Nagaraja, T. G.; Dahlen, C. R.; Amat, S."
2026-04-23,17,10.64898/2026.04.22.719398,1,microbiology,Regulatory plasticity of the rdar biofilm morphotype in clinical uropathogenic Escherichia coli and its modulation by ciprofloxacin,"Mushtaq, F.; Ali, I.; Sarfaraz, H.; Younas, R.; Bala, A.; Uhlin, B. E.; Romling, U.; Ahmad, I."
2026-04-23,17,10.64898/2026.04.22.720114,1,microbiology,CurT dosage quantitatively affects thylakoid structure and PSII performance in Synechocystis sp. PCC 6803,"Ostermeier, M.; Pohland, A.-C.; Dann, M."
2026-04-23,17,10.64898/2026.04.22.718763,1,microbiology,Contact dependent suppression of Clostridioides difficile sporulation by enterococci requires the endocarditis and biofilm pilus,"Wood, A. K.; Carson, C. S.; Neubauer, H. R.; Gutierrez, L.-H.; Adeoye, M.; Johnson, A.; Buiatte, A. B. G.; Chong, B.; Cook, L. C.; Session, A.; Andam, C. P.; McKenney, P. T."
2026-04-23,17,10.64898/2026.04.23.720099,1,microbiology,High extracellular osmolarity promotes yeast thermotolerance through osmotic modulation and glycerol-dependent adaptation.,"Oyama, S.; Shiraishi, K.; Okada, S.; Abe, F.; Ahara, A.; Ito, R.; Kosuga, K.; Kusumoto, E.; Tokiwano, T.; Yurimoto, H.; Ito, T.; Nakazawa, N.; Yoshikawa, Y."
2026-04-23,17,10.64898/2026.04.22.720109,1,microbiology,Exploring the diversity and community structure of the Testudines fecal mycobiome,"Mills, T.; Vinzelj, J. M.; Cook, E. R.; Rurik, A. J.; Dallas, J. W.; Walker, D.; Stone, P. A.; Siler, C. D.; Elshahed, M. S.; Youssef, N. H.; Mills, E."
2026-04-23,17,10.64898/2026.04.21.719874,1,genomics,Profiling and Targeting of Regulatory RNAs to Upregulate Gene Expression,"Akerberg, B. N.; Matthews, B. J.; Liu, Y.; Mathieu, C.; Williams, J.; Manska, S.; Huang, J.; Nishi, Y.; Almutairy, A.; Coughlin, E.; Golczer, G.; Waldron, S.; Pellegrino, I.; Guo, Y.; Cohick, E.; Turna, H.; Xiong, K.; Whissell, G.; Kelker, R. S.; Gamboa, M.; Lenz, E.; Jurcisin, C. J.; Pai, R.; Caravella, J. A.; Sehgal, A.; Tardiff, D. F.; Sigova, A. A.; Bumcrot, D. A."
2026-04-23,17,10.64898/2026.04.22.720203,1,biochemistry,Rate limiting release of product underlies concave Arrhenius break point of thermolysin with a Phe-Leu-Ala substrate,"Miller, J. J.; Bahnson, B. J."
2026-04-23,17,10.64898/2026.04.21.719881,1,biochemistry,Structural basis of substrate recognition and conformational gating in the bacteriophage M15 metalloendopeptidase LysPH,"Pahwa, D.; Pandey, S.; Pandey, N.; Kumar, K. A.; Choudhary, P.; Unni, A.; Choudhary, I.; Ashar, M.; Omar, B. J.; Uniyal, M.; Rao, S.; Sharma, A. K.; Tomar, S.; KUMAR, P."
2026-04-23,17,10.64898/2026.04.21.719898,1,biochemistry,Cryo-EM structure of MutL-activated MutH,"Ulloa, E. A.; Lamers, M. H."
2026-04-23,17,10.64898/2026.04.21.719882,1,bioengineering,Machine Learning Approach for Enumeration of Circulating Cells with Diffuse in vivo Flow Cytometry,"Emamifar, M.; Lee, J.; Pace, J. S.; Bellini, C.; Niedre, M."
2026-04-23,17,10.64898/2026.04.22.720174,1,bioinformatics,Cross-Attention Over RNA And Protein Sequences Enables Generalizable Interaction Prediction,"Catalano, M.; Pepe, G.; Ausiello, G.; McWhite, C.; Gambosi, G.; Helmer-Citterich, M.; Gherardini, P. F."
2026-04-23,17,10.64898/2026.04.21.719877,1,biophysics,Generation of Pathway Signatures by Combining Normal Modes with Weighted Ensemble Simulations,"Bogetti, A. T.; Banerjee, A.; Dill, K.; Bahar, I."
2026-04-23,17,10.64898/2026.04.23.720319,1,synthetic biology,Unsupervised protein language models learn patterns of enzyme function,"Penner, M.; Lihan, M.; Bormke, H.; Nix, P.; Moscho, H.; Dupree, P.; Hollfelder, F."
2026-04-23,17,10.64898/2026.04.23.720332,1,microbiology,Systematic Screening of a Glycolysis-targeting Small-molecule Library Identifies Novel Inhibitors of Fungal Morphogenesis in Candida albicans,"Martoliya, Y.; Mathivathanan, S.; Shah, D.; Shrivastava, A.; Asthana, S.; Varahan, S."
2026-04-23,17,10.64898/2026.04.23.720354,1,microbiology,A metagenomic framework for rapid Listeria monocytogenes surveillance in food production environments,"Muchaamba, F.; Reska, T.; Biggel, M.; Locken, K. M.; Weilguny, L.; Corti, S.; Kelbert, L.; Roger, S.; Urban, L."
2026-04-23,17,10.64898/2026.04.22.720169,1,microbiology,Trimethylammonia-lyases of Shewanella oneidensis and Their Role in Anaerobic Respiration,"Bertsova, Y. V.; Serebryakova, M. V.; Godovanets, O. S.; Anashkin, V. A.; Baykov, A. A.; Bogachev, A. V."
2026-04-23,17,10.64898/2026.04.21.719732,1,genomics,SPIN: A Scalable Bioinformatics Pipeline for Screening Pathogenicity Related Host-Pathogen Protein INteractions Using AlphaFold3,"Bao, Z.; Khanna, H.; Dhand, B.; Boukari, W.; Tiwari, T.; Poudel, M.; Messina, C. D.; Jain, M.; Huguet-Tapia, J. C.; Loria, R."
2026-04-23,17,10.64898/2026.04.21.719948,1,biochemistry,"The endogenous metabolite hypochlorite activates indoleamine 2,3-dioxygenase-1 for catalysis: Functional and mechanistic implications","Van Lanen, S.; Saryazdi, S."
2026-04-23,17,10.64898/2026.04.22.720199,1,biochemistry,Functional interplay between H2B ubiquitylation and H2A.Z deposition,"Bhat, Y. A.; Mocavini, I.; O'Donnell, E.; Tan, S.; Rando, O. J.; Peterson, C. L."
2026-04-23,17,10.64898/2026.04.21.718724,1,bioengineering,PALAEOROBOTICS UNCOVERS DEVASTATING MAMMALIAN TAIL STRIKE DYNAMICS,"Le Verger, K.; Allione, F.; Wang, B.; Weisse, B.; Ijspeert, A.; Sanchez-Villagra, M. R.; Scheyer, T. M.; Jusufi, A."
2026-04-24,17,10.64898/2026.04.17.718988,2,bioinformatics,Ancestra: A lineage-explicit simulator for benchmarking B-cell receptor repertoire and lineage inference methods,"Hassanzadeh, R.; Abdollahi, N.; Kossida, S.; Giudicelli, V.; Eslahchi, C."
2026-04-24,17,10.1101/2025.10.13.682102,3,bioinformatics,Adaptive prediction intervals for polygenic risk scores reveal individual variation in genetic predictability,"Wang, C.; Wang, F.; Bogdan, M.; Masala, M.; Fiorillo, E.; Devoto, M.; Cucca, F.; Belsky, D.; Ionita-Laza, I."
2026-04-24,17,10.1101/2024.10.23.619844,6,bioinformatics,AI-readiness criteria for biomedical data,"Clark, T.; Caufield, H.; Parker, J. A.; Al Manir, S.; Amorim, E.; Eddy, J.; Gim, N.; Gow, B.; Goar, W.; Hansen, J. N.; Harris, N.; Hermjakob, H.; Joachimiak, M.; Jordan, G.; Lee, I.-H.; McWeeney, S. K.; Nebeker, C.; Nikolov, M.; Reese, J.; Shaffer, J.; Sheffield, N.; Sheynkman, G.; Stevenson, J.; Chen, J. Y.; Mungall, C.; Wagner, A.; Kong, S. W.; Ghosh, S. S.; Patel, B.; Williams, A.; Munoz-Torres, M. C."
2026-04-24,17,10.1101/2025.11.28.691195,3,biophysics,Adapting Co-Folding Models for Structure-Based Protein-Protein Docking Through Flow Matching,"Xu, D.; Chu, L.-S.; Gray, J. J."
2026-04-24,17,10.64898/2026.04.22.720153,1,biochemistry,Structural divergence in N-terminal domains of AAA proteases paraplegin (SPG7) and FtsH indicates a key structural function in complex formation,"Hyatt, J. G.; Paterson, N. G.; Devos, J. M.; Oliveira, C. L. P.; Prevost, S.; Jessen, c. M.; Hoffman, A.; Pedersen, J. S.; Winter, A."
2026-04-24,17,10.64898/2026.04.23.720331,1,genomics,Genomic Variability of the HCT116 Cell Line Identified Using Oxford Nanopore Sequencing,"Leonov, P.; Mikheeva, R.; Koryukov, M.; Ruleva, E.; Karabut, E.; Kechin, A."
2026-04-24,17,10.64898/2026.04.23.720416,1,biophysics,Basement membrane sets the timescale of tissue mechanical memory,"Khalilgharibi, N.; Meadowcroft, B.; Saric, A.; Mao, Y."
2026-04-24,17,10.64898/2026.04.21.719697,1,genomics,Synovial transcriptional clusters link cartilage degeneration to cell-type-specific gene expression in knee osteoarthritis,"Mazzucco, M. R.; Mehta, B.; Ruiz-Ortiz, J.; Hale, C.; Omi, F.; Singh, P.; Yuan, R.; Lessard, S.; Song, E. K.; Zhang, M.; Younis, S.; Robinson, W. H.; Ramirez, D.; DiCarlo, E.; Wang, W.; Carroll, T.; Rodriguez, J.; Sculco, P.; Li, X.; Wu, Y.; Darnell, R. B.; Lotz, M.; Miller, R. E.; Maerz, T.; Malfait, A.-M.; Otero, M.; Orange, D. E."
2026-04-24,17,10.64898/2026.04.21.719866,1,biophysics,Aerosol delivery-based serial femtosecond crystallography,"Kim, Y.; Koua, F. H. M.; de Wijn, R.; Worbs, L.; Schubert, R.; Kantamneni, S.; E, J.; Sobolev, E.; Melo, D.; Turkot, O.; Wrona, A.; Kloos, M.; Wei, C.; Xie, Q.; Round, A.; Koliyadu, J.; Sikorski, M.; Letrun, R.; Doerner, K.; Han, H.; Schulz, J.; Mancuso, A. P.; Sato, T.; Bean, R.; Bielecki, J.; Kim, C."
2026-04-24,17,10.64898/2026.04.22.719978,1,genomics,The genetic architecture of milk urea concentration in dairy cattle differs across the lactation cycle,"He, Q.; Vasiljevic, S.; Kadri, N.; Watson, N.; Stratz, P.; Mapel, X. m.; Leonard, A. S.; seefried, F. R.; Pausch, H."
2026-04-24,17,10.64898/2026.04.22.719836,1,genomics,Validated microsatellite markers for Gyrodactylus salaris: a toolkit for individual identification and genetic studies,"Aisala, H.; Hansen, H.; Lumme, J."
2026-04-24,17,10.64898/2026.04.22.720056,1,biochemistry,Dolichol biosynthesis in yeast traces the expanded reaction pathway of higher eukaryotes,"Wilson, M. P.; Kentache, T.; Althoff, C. R.; Gerin, I.; Yu, S.-Y.; Morel, M.; Schulz, C.; Sabry, S.; Jacobs, J.; Graff, J.; de Bettignies, G.; Surmacz, L.; Sessa, W. C.; Van Schaftingen, E.; Matthijs, G.; Boone, C.; Grabinska, K. A.; Bommer, G. T.; Foulquier, F."
2026-04-24,17,10.64898/2026.04.22.719657,1,biochemistry,Tandem bromodomains of BRD4 cooperatively read poly-acetylated nucleosomes to enhance chromatin engagement and regulate breast cancer phenotypes,"Burkholder, N. T.; Wu, S.-Y.; Handy, J.; Bertram, C.; Marunde, M. R.; Popova, I. K.; Krajewski, K.; Chiang, C.-M.; Strahl, B. D."
2026-04-24,17,10.64898/2026.04.22.720036,1,bioengineering,Reducing encapsidated impurity DNA derived from plasmid backbone by modifying the p5 terminal resolution site in rAAV vector production,"Nishimura, Y.; Hataya, S.; Saito, S.; Makita, N."
2026-04-24,17,10.64898/2026.04.22.719922,1,bioengineering,Biomimetic miR-133a inhibitor activated scaffolds optimised for spinal cord repair promote neurite outgrowth and angiogenesis via neuronal cytoskeletal remodelling,"O'Connor, C.; Mullally, R.; Palomeque-Chavez, J. C.; Dobricic, M.; McCoy, E.; Maughan, J.; Stewart, R.; Saha, C.; O'Sullivan, J.; McCarthy, H. O.; Caldwell, M. A.; Prehn, J. H. M.; O'Brien, F. J."
2026-04-24,17,10.64898/2026.04.22.720135,1,bioinformatics,A Systematic Evaluation of Single-Cell Batch Integration Metrics and sBEE: A Robust New Metric,"Myradov, M.; HOUDJEDJ, A.; Tastan, O.; Kazan, H."
2026-04-24,17,10.64898/2026.04.22.720103,1,bioinformatics,MSAgent: An Evidence Grounded Agentic Framework for LLM-driven Scientific Exploration in Mass Spectrometry-based Metabolomics,"Li, Y.; Zhong, Y.; Liu, P.; Yusheng, T.; Zhan, H.; Xia, J."
2026-04-24,17,10.64898/2026.04.22.720136,1,bioinformatics,SpatialQuery: scalable discovery and molecular characterization of multicellular motifs from spatial omics data,"Hemberg, M.; An, S.; Gehlenborg, N.; Keller, M."
2026-04-24,17,10.64898/2026.04.22.720134,1,biophysics,Biophysical properties of material-colonizing fungal biofilms: multiscale structural and mechanical characterization,"Ferrari, C.; Dehkohneh, A.; Schumacher, J.; Ogawa, Y.; Gerrits, R.; Fratzl, P.; Gorbushina, A. A.; Bidan, C. M."
2026-04-24,17,10.64898/2026.04.22.720063,1,bioinformatics,GenNA: Conditional generation of nucleotide sequences guided by natural-language annotations,"Shen, Y.; Cao, G.; Wu, J.; Chen, D.; Feng, C.; Chen, M."
2026-04-24,17,10.64898/2026.04.22.720142,1,bioinformatics,PanVariants: Best Practice for Pangenome-based Variant Calling Pipeline and Framework,"Yi, H.; Wang, L.; Chen, X.; Ding, Y.; Carroll, A.; Chang, P.-C.; Shafin, K.; Xu, L.; Zeng, X.; Zhao, X.; Gong, M.; Wei, X.; Hou, Y.; Ni, M."
2026-04-21,17,10.64898/2026.04.16.718722,1,bioinformatics,GNOMES: an integrated framework for genome-wide normalization and differential binding analysis of CUT&RUN and ChIP-seq data,"Roule, T.; Akizu, N."
2026-04-21,17,10.64898/2026.04.17.719304,1,biophysics,A Predictive Model for Coupling Cell Division Orientation to Tissue Mechanics During Epithelial Morphogenesis,"AZOTE epse HASSIKPEZI, S.; Negi, R. S.; Chen, N.; Manning, M. L."
2026-04-22,17,10.64898/2026.04.21.719916,1,microbiology,Isw2-mediated chromatin remodeling governs antifungal tolerance and heteroresistance in Candida albicans,"Mantilla, M. J.; Tebbji, F.; Vincent, A. T.; Villeneuve, L.; Chatr-aryamontri, A.; Sellam, A."
2026-04-22,17,10.64898/2026.04.21.719795,1,microbiology,Comparative lipidomic profiling of the livestock pathogens Trypanosoma congolense and Trypanosoma brucei,"Dickie, E. A.; Weidt, S. K.; Haggarty, J.; Blackburn, G.; Doherty, M. K.; Ritchie, R.; Paxton, E.; Young, S.; Whitfield, P. D.; Smith, T. K.; Barrett, M. P.; Morrison, L. J.; Steketee, P. C."
2026-04-23,17,10.64898/2026.04.21.719525,1,bioinformatics,Aiki-XP: leakage-controlled multimodal prediction of within-species relative protein expression at pan-bacterial scale,"Tien, H.; Meda, R. S.; Shastry, S.; Mysore, V."
2026-04-23,17,10.64898/2026.04.21.719907,1,bioinformatics,An autonomous LLM agent platform for computational binder design and conjugation-aware prioritization of antibody drug conjugates,"Liu, G.; He, M.; Sun, L.; Cheng, F.; Zhang, Y."
2026-04-24,17,10.64898/2026.04.20.719539,1,microbiology,Synthesis of Biogenic Silver Nanoparticles with Aqueous Extract of Azadirachta indica Seed and Its Antimicrobial Activity on MDR and ESBL-Producing Escherichia coli.,"Das, P."
2026-04-25,17,10.64898/2026.04.23.719229,1,genomics,TET2-driven activation of AGO2 links epigenetic remodeling to myeloid commitment and leukemia,"Lazarenkov, A.; Valcarcel, G.; Martinez, A.; Berenguer, C.; Lopez-Rubio, A. V.; Obiols, M.; Fontanet, C.; Rodriguez-Sevilla, J. J.; Stik, G.; Jeremias, I.; Menendez, P.; Sardina, J. L."
2026-04-25,17,10.64898/2026.04.23.719015,1,bioinformatics,Are Current AI Virtual Cell Models Useful for Scientific Discovery?,"Bereket, M. D.; Leskovec, J."
2026-04-25,17,10.64898/2026.04.22.720287,1,pharmacology and toxicology,Phage Display-Derived Cyclic Peptides Target TREM2 and Modulate Microglial Responses under Amyloid Stress,"Fuchs, N.; Yuan, S.; Kuncewicz, K.; Elhamouly, M.; El gaamouch, F.; Gabr, M."
2026-04-25,17,10.64898/2026.04.23.720276,1,biophysics,Mitochondrial mechanics nucleates axonal jamming and swelling,"Noerr, P. S.; Abushawish, A. A.; Pekkurnaz, G.; Rangamani, P."
2026-04-20,17,10.64898/2026.04.12.718044,2,genomics,MetaMuse: A Multi-Agent AI System for Biomedical Metadata Curation and Harmonization,"Mittal, E.; Litman, E.; Myers, T.; Agarwal, V.; Gopinath, A.; Kassis, T."
2026-04-20,17,10.64898/2026.04.16.718836,1,biochemistry,Machine learning uncovers circulating biomarkers and molecular heterogeneity in obesity and type 2 diabetes,"Nokhoijav, E.; Kaplar, M.; Aranyi, S. C.; Berzi, A.; Bergström, G.; Antonopoulos, K.; Edfors, F.; Emri, M.; Csosz, E."
2026-04-20,17,10.64898/2026.04.20.719537,1,biochemistry,MitoSAM-dependent lipoylation controls postnatal heart development via metabolic remodeling,"Rumyantseva, A.; Wilhalm, A.; Carter, W.; Tippetts, T. S.; Moedas, M.; Rosenberger, F. A.; Moore, D.; Vegvari, A.; Hinze, Y.; Muellner-Wong, L.; Alsina, D.; Wibom, R.; Winston, R.; Mathews, T. P.; Lund, L. H.; Andersson, D. C.; Pironti, G.; Wedell, A.; DeBerardinis, R. J.; Freyer, C.; Wredenberg, A."
2026-04-20,17,10.64898/2026.04.20.719482,1,biochemistry,Full-Atom MPNN Based Redesign of Plant Dehydrogenase Enables Thermostability Enhancement Without Loss of Stereoselectivity,"Di Geronimo, B.; Zuson, J.; Udzenija, A.; Chanique, A.; Kourist, R.; Kamerlin, S. C. L."
2026-04-20,17,10.1101/2025.11.11.687921,2,bioengineering,4D force patterning enables spatial control of angiogenesis,"Kheiri, S.; Shah, J.; Chai, P.; Venkatesh, S. A.; Flynn, R. A.; Kamm, R. D.; Raman, R."
2026-04-20,17,10.64898/2026.04.15.718634,2,bioinformatics,Pan-cancer survival modeling reveals structural limits of genomic feature integration in immunotherapy outcomes,"Hassan, W.; Adeleke, S."
2026-04-20,17,10.1101/2025.04.25.650688,4,bioinformatics,Understanding Language Model Scaling on Protein Fitness Prediction,"Hou, C.; Liu, D.; Zafar, A.; Shen, Y."
2026-04-20,17,10.1101/2025.05.17.654648,3,biophysics,Antibiotic-Specific Conformational Landscapes of a Multidrug Transporter,"Maklad, H. R.; Kache, T.; Roth, A.; Mamkaeva, M.; Govaerts, C.; Hendrix, J.; Martens, C."
2026-04-20,17,10.64898/2026.04.15.718553,1,biophysics,Positional information and information flows in dynamic tissues,"Plum, A. M.; Serra, M."
2026-04-20,17,10.64898/2026.04.19.719451,1,biophysics,Small-Molecule Structure Determination and Anisotropic Displacement Analysis at Turkish Light Source,"AYAN, E.; Mermer, A."
2026-04-21,17,10.64898/2026.04.20.719564,1,bioinformatics,DNAharvester: A Nextflow Pipeline for Analysing Highly Degraded DNA from Ancient and Historical Specimens,"Sharif, B.; Kutschera, V. E.; Oskolkov, N.; Guinet, B.; Lord, E.; Chacon-Duque, J. C.; Oppenheimer, J.; van der Valk, T.; Diez-del-Molino, D.; D. Heintzman, P.; Dalen, L."
2026-04-21,17,10.64898/2026.04.17.719050,1,bioinformatics,Epigenetically constrained astrocyte states underlie prefrontal cortex vulnerability in Down syndrome associated Alzheimer disease,"Sun, C.; Thomas, R.; Stringer, C.; Galani, K.; Ho, L.-L.; Sun, N.; Renfro, A.; Wright, S.; Firenze, R.; Tsai, L.-H.; Head, E.; Kellis, M.; Yang, J."
2026-04-21,17,10.64898/2026.04.20.719551,1,bioinformatics,A phylogenetic approach reveals evolutionary aspects and novel genes of bradyzoite conversion in Toxoplasma gondii,"C A, A.; Upadhayay, R.; Patankar, S. A."
2026-04-21,17,10.64898/2026.04.17.719153,1,bioinformatics,3D Reconstruction of Nanoparticle Distribution in Tumor Spheroids with Volume Electron Microscopy,"Bottone, D.; Gerken, L. R.; Habermann, S.; Mateos, J. M.; Lucas, M. S.; Riemann, J.; Fachet, M.; Resch-Genger, U.; Kissling, V. M.; Roesslein, M.; Gogos, A.; Herrmann, I. K."
2026-04-21,17,10.64898/2026.04.19.719495,2,microbiology,Discovery and characterisation of OMVs produced by the bee gut microbiota,"Eyles, R. P.; Kwong, W. K."
2026-04-21,17,10.64898/2026.04.16.719094,1,pharmacology and toxicology,Lipid A counteracts doxorubicin-induced systemic dysfunction by boosting mitochondrial activity,"Nakaguma, Y.; Kato, Y.; Atef, Y.; Ito, T.; Nishimura, A.; Uesugi, M.; Kanda, Y.; Kunisawa, J.; Nishida, M."
2026-04-21,17,10.64898/2026.04.16.719070,1,pharmacology and toxicology,Chronic pain exacerbates nicotine withdrawal severity in a sex-specific and dose-dependent manner,"Graham, B.; Nelson, T.; Tavakoli, S.; O'Dell, L.; Addy, N. A.; Bagdas, D."
2026-04-21,17,10.64898/2026.04.20.719748,1,microbiology,A surrogate marker of protection confirms the efficacy of an AddaS03-adjuvanted West Nile virus subunit vaccine,"Inoue, A.; Saito, S.; Maeda, K.; Itakura, Y.; Kobayashi, S.; Sasaki, M.; Gonzalez, G.; Hall, W. W.; Maenaka, K.; Orba, Y.; Sawa, H.; Tabata, K."
2026-04-21,17,10.64898/2026.04.20.719692,1,microbiology,Skeletons in the closet: The importance of actin in alphavirus replication,"Lara, A. Z.; Hardy, R. W.; Phelps, M.; Newton, I."
2026-04-21,17,10.64898/2026.04.21.719803,1,microbiology,"Revisiting the Monascus genus (Eurotiales, Aspergillaceae): A Multilocus Phylogenetic Approach to Species Delimitation","Chen, W.; Chen, S.; Jia, L.; Zhou, Y.; Shao, Y.; Chen, F."
2026-04-21,17,10.64898/2026.04.20.719592,1,microbiology,De-Novo Designed Antibacterial N95 Facial Mask: Comprising a Nano-Garden Using ZnO Nanoflower,"Bhadra, P.; Roy, R.; Chatterjee, S."
2026-04-21,17,10.64898/2026.04.20.719716,1,microbiology,Annual community patterns in the Halichondria panicea sponge microbiome are characterized by seasonal switching between sponge-specific marine bacteria,"Steiner, L. X.; Hentschel, U."
2026-04-21,17,10.64898/2026.04.18.719386,1,genomics,On the Edge of Empire: Paleogenomic Insights into Roman Dacia,"De Angelis, F.; Buzic, I.; Kassadjikova, K.; Bolog, A. C.; Timofan, A.; Pearce, J.; Gligor, M.; Fehren-Schmitz, L.; G. Amorim, C. E."
2026-04-21,17,10.64898/2026.04.18.719255,1,biochemistry,Redox-dependent lipophilicity of phenazine metabolites is modulated by intramolecular hydrogen bonds and controls their biological distribution,"Thalhammer, K. O.; Scurria, M.; Li, J.; Trindade, I. B.; Gutierrez, O.; Conway, S. J.; Newman, D. K."
2026-04-21,17,10.64898/2026.04.19.719435,1,biochemistry,Neuronal calcium sensors emerge as novel adenylyl cyclase 8 regulators,"Khanppnavar, B.; Florea, R.; Schuster, D.; Lavriha, P.; Kosturanova, A.; Ruckstuhl, M. M.; Kantarci, I.; Vaithia, A.; Shi, J.; Picotti, P.; Gossert, A. D.; Leitner, A.; Korkhov, V. M."
2026-04-21,17,10.64898/2026.04.20.719729,1,microbiology,Cross-feeding enables robust coexistence between four bacterial species,"Sulheim, S.; Teixeira, M.; Ulrich, E.; Gillon, A.; Testa, S.; Padmanabha, P.; Machado, D.; Mitri, S."
2026-04-22,17,10.64898/2026.04.20.719597,1,genomics,Functional characterisation of an essential neo-chromosome III in Sc2.0 strain reveals opportunities and challenges for genome minimisation in Sc3.0,"Swidah, R.; Monti, M."
2026-04-22,17,10.64898/2026.04.19.719422,1,genomics,Concordia: Spatial Domain Detection via Augmented Graphs for Population-Level Spatial Proteomics,"Liu, S.; Hsu, L.; Sun, W."
2026-04-22,17,10.64898/2026.04.20.719607,1,bioinformatics,HMCVelo: A Deterministic Model for Hydroxymethylation Velocity in Single Cells,"Mishra, P."
2026-04-22,17,10.64898/2026.04.19.719514,1,bioinformatics,PEACE: Prototype-aware Effector Analysis via Contrastive Embeddings,"Dai, X.; Lin, Y.; Yoo, S.; Liu, Q."
2026-04-22,17,10.64898/2026.04.19.719450,1,bioinformatics,RNABag: A Generalizable Transcriptome Foundation Model for Precision Oncology across Biopsy Modalities,"Luo, P.; Luo, D.; Li, D.; Xue, X.; Yang, J.; Gong, X.; Tang, K."
2026-04-22,17,10.64898/2026.04.19.719528,1,bioinformatics,Mechanotransduction-Aware Causal Omics on Tissue Scaffolds: A Controlled Mechanochemical Framework for Identifying Disease Genes Beyond Pure Omics Analysis,"Xu, T.; Hu, Z.; Sun, X.; Xiong, M."
2026-04-22,17,10.64898/2026.04.20.719566,1,biophysics,A narrow thermodynamic design window governs selective membrane permeabilization and antiviral activity of amphipathic peptides,"Hilten, N. v.; Maltitz, P. v.; Aschmann, D.; Hoernke, M.; Krebs, M.; Methorst, J.; Kros, A.; Münch, J.; Risselada, H. J."
2026-04-22,17,10.64898/2026.04.20.719583,1,biophysics,UV photogrammetry for transparent and composite surfaces,"Gentsch, G. J.; Platz, A.; Guo, M.; Harder, L.; Boettger, D.; Brehm, G.; Franke, C.; Stark, A. W."
2026-04-22,17,10.64898/2026.04.20.719604,1,biophysics,Light-controlled membrane remodeling in gel-fluid phase-separated giant vesicles using photoswitchable lipids,"Sun, T.-W.; Sabri, E.; Aleksanyan, M.; Dimova, R."
2026-04-23,17,10.64898/2026.04.21.719633,1,genomics,A new phased assembly of the Antarctic spiny plunderfish provides novel insights into the evolution of the notothenioid radiation.,"Martelossi, J.; Krasheninnikova, K.; Denton, A.; Wood, J. M. D.; Mathers, T.; Durbin, R.; Fong, N.; Bentley, D. L.; Clark, M. S.; Bista, I."
2026-04-23,17,10.64898/2026.04.21.719833,1,biochemistry,Longitudinal serum proteomics analyses reveal biomarkers for porcine influenza and coronavirus infections,"Frampas, C.; Paudyal, B.; Guo, J.; van Reeth, K.; Whetton, A. D.; Subbannayya, Y.; Tchilian, E.; Pinto, S. M."
2026-04-23,17,10.64898/2026.04.22.720175,1,bioinformatics,AlphaInterp: Probing AlphaFold 3's Internal Representations Reveals Evolutionary Determinants of Predicted Structure and Confidence,"Feldman, J.; Skolnick, J."
2026-04-23,17,10.64898/2026.04.22.720190,1,microbiology,Two mammalian-like cysteine dioxygenases and a sulfite exporter play important roles in sulfur homeostasis and virulence of a human pathogen,"Saha, A.; Petrackova, D.; Holubova, J.; Vecerek, B."
2026-04-23,17,10.64898/2026.04.20.719721,1,genomics,A transcriptomic analysis reveals shared and inducer-specific expression patterns of cellular senescence,"Bridge, J. E.; Zheng, C.; Robbins, P. D.; Dong, X.; Zhang, L."
2026-04-23,17,10.64898/2026.04.20.719715,1,bioinformatics,SpaceBender: Denoising Spatial Transcriptomics Data to Enhance Biological Signals,"Chen, D. G.; Ribas, A.; Campbell, K. M."
2026-04-23,17,10.64898/2026.04.20.719515,1,genomics,A comprehensive DNA methylation atlas for the Chinese population through nanopore long-read sequencing of 106 individuals,"Li, Y.; Jiang, T.; Qian, L.; Wang, Y."
2026-04-23,17,10.64898/2026.04.20.719742,1,bioinformatics,Tensor-Derived Similarity Networks for Characterising Spatial Patterns in Colorectal Cancer,"Pham, T. D."
2026-04-23,17,10.64898/2026.04.21.718843,1,genomics,CAD variants act through ox-LDL-induced enhancer remodelling to alter VSMC gene programmes,"Agbaedeng, T. A.; Atla, G.; Hiron, T. K.; Jiang, J.; Malhotra, Y.; Marsh, L.; Howson, J. M. M.; O'Callaghan, C."
2026-04-23,17,10.64898/2026.04.21.719848,1,biochemistry,Interleaved multi-magnification cryo-electron tomography bridges cellular and structural biology,"Watson, H.; Garcia-Giner, V.; Eisenstein, F.; Grange, M."
2026-04-23,17,10.64898/2026.04.21.719837,1,bioengineering,From foldamers to functional pores: a force field for oligourea-based desalination channels,"Ledoux, J.; Sterpone, F.; Baaden, M."
2026-04-23,17,10.64898/2026.04.21.719857,1,bioengineering,Landscape-scale navigation unlocks antibody CDR structural logic for AI-guided rescue and therapeutic optimization,"Chun, C.; Sohn, B.-K.; Ki, H.; Jo, J. H.; An, H.-T.; Park, J.; Lee, J.; Choi, S.; Choi, J.; Cho, H.; Lee, S. B.; Yu, B.; Lee, C. Y.; Kim, J. E.; Ban, Y.-j.; Choi, Y.-Y.; Choi, B.; Lee, H.; Chung, J.; Baek, M.; Yoon, T.-Y."
2026-04-23,17,10.64898/2026.04.21.719830,1,bioinformatics,EpiRanha: Hunting for Epitope Similarity with a Structure- and Residue-Aware Graph Neural Network,"Francissen, T.; Babukhian, M.; Britze, H.; Wilke, Y.; Spreafico, R.; Demharter, S.; Arts, M."
2026-04-23,17,10.64898/2026.04.22.720112,1,microbiology,Proximity proteomics reveals a role for IFI16 during human coronavirus infection,"Languon, S.; Bailey, I.; Sorensen, M.; Miller, Z. D.; Sha, J.; Dearborn, J.; Dowell, W.; Kirch, T.; Wohlschlegel, J.; MAJUMDAR, D."
2026-04-23,17,10.64898/2026.04.21.719905,1,biochemistry,Iron-mediated assembly of lactoferrin-alginate composites for iron encapsulation and structural stabilization,"Huang, Y.; Lin, T.; Khongkomolsakul, W.; Li, J.; Noack, C.; Dadmohammadi, Y.; Abbasporrad, A."
2026-04-23,17,10.64898/2026.04.22.720119,1,bioinformatics,Improving AlphaFold3 by Engineering MSA and Template Inputs,"Neupane, P.; Liu, J.; Cheng, J."
2026-04-23,17,10.64898/2026.04.23.719998,1,synthetic biology,A Proteome-Calibrated Mechanistic Digital Twin of the Glioblastoma Astrocyte Derived from Patient Multi-Omic Data,"Mayfield, J."
2026-04-23,17,10.64898/2026.04.22.720137,1,microbiology,Boreal and subarctic freshwaters harbour a diversity of jumbophages,"Niemi, M.; Karneyeva, K.; Sundberg, L.-R.; Oksanen, H. M.; Laanto, E."
2026-04-24,17,10.64898/2026.02.24.707687,2,biophysics,Conformational ensembles of flexible multidomain proteins: How close are we to accurate and reliable predictions?,"Rodriguez, S.; Fournet, A.; Bartels, S.; Pajkos, M.; Clerc, I.; Carriere, L.; Thureau, A.; Montanier, C.; Dumon, C.; Allemand, F.; Cortes, J.; Bernado, P."
2026-04-24,17,10.64898/2026.04.21.719783,2,pharmacology and toxicology,Generation of High-Affinity Anti-GIPR Antagonist Antibodies with Sustained and Non-rebound Weight Loss in DIO Mice by AlfaBodY,"Long, Y.; Xu, Z.; Zhang, N.; Chen, G.; Chen, W.; Chen, Z.; Wang, A.; Liang, Z.; Wang, Y.; Zeng, Y.; Leung, K.; Chen, L."
2026-04-24,17,10.1101/2024.07.15.603561,2,microbiology,ClpP-dependent protein quality control supports antibiotic persistence in Campylobacter jejuni through bioenergetic homeostasis,"Feng, J.; Li, S.; Hu, Y.; Stahl, M.; Ma, L.; Knuff-Janzen, K.; Wang, K.; He, Y.; Vallance, B. A.; Konkel, M. E.; Finlay, B. B.; Lu, X."
2026-04-24,17,10.1101/2025.11.13.688255,3,microbiology,Regional adaptation to mosquito vectors shapes Plasmodium falciparum populations,"Loesbanluechai, D.; Sollelis, L.; Armstrong, M.; Menezes, I.; Cox, A.; Divala, L. B. T.; Lawson, A.; Pradhan, S.; Ubiaru, P. C.; Pallikara, A.; Armstrong, D.; Parker, G.; Lee, C.; Pearson, R. D.; Stokes, B. H.; Ranford-Cartwright, L. C.; Marti, M.; Howick, V. M."
2026-04-24,17,10.64898/2026.04.16.718586,2,microbiology,Metatranscriptome data support the existence of two distinct morphotypes in a single parmalean species in natural environments,"Sasaki, H.; Endo, H.; Pelletier, E.; Yoshikawa, S.; Kuwata, A.; Ogata, H."
2026-04-24,17,10.64898/2026.04.22.719865,1,genomics,Large-scale transcriptomic meta-analysis identifies novel therapeutic targets for ulcerative colitis,"Piernik, M.; Adamiec-Organisciok, M.; Skonieczna, M.; Eder, P."
2026-04-24,17,10.64898/2026.04.22.715536,1,biochemistry,The NMR Exchange Format (NEF): Specification and Applications,"Ploskon, E.; Baskaran, K.; Tejero, R.; Schwieters, C. D.; Bardiaux, B.; Guentert, P.; Fogh, R. H.; Gutmanas, A.; Brooksbank, E. J.; Yokochi, M.; Wishart, D. S.; Wedell, J. R.; Vranken, W. F.; Thompson, D.; Thompson, G.; Smith, B. O.; Rehman, S.; Ramelot, T. A.; Ragan, T. J.; Perez, A.; Perera, B. L.; Peisach, E.; Nilges, M.; Mureddu, L. G.; Mondal, A.; Lubicka, E. A.; Liwo, A.; Kurisu, G.; Kobayashi, N.; Klukowski, P.; Johnston, B. A.; Huang, Y. J.; Hoch, J. C.; Higman, V. A.; Herrmann, T.; Hayward, M. W.; Garnet, J. A.; Case, D. A.; Burley, S. K.; Adams, P. D.; Montelione, G. T.; Vuister, G. "
2026-04-24,17,10.64898/2026.04.22.720062,1,bioengineering,Integrating Metabolic Networks into Hybrid Bioprocess Models,"Gotsmy, M.; Guillen-Gosalbez, G."
2026-04-24,17,10.64898/2026.04.22.720078,1,bioinformatics,CellPulse: A Foundation Model of Coordinated Gene Dynamics Simulating Viral Infectious Diseases,"Liu, D.; Zhu, X.; Zhang, L.; Xu, D.; Lou, J.; Xiong, X.; Ren, Y.; Wu, Y.; Zhou, X."
2026-04-24,17,10.64898/2026.04.22.720077,1,bioinformatics,Small Area Estimation of Forest Volume Using Mixed Effects Random Forests and Multi-Source Remote Sensing Data,"Vangi, E."
2026-04-24,17,10.64898/2026.04.22.719552,1,biophysics,A microscale platform for the comprehensive analysis of bacterial translation initiation,"Vinogradova, D. S.; Kasatsky, P. S.; Spiridonova, Z. A.; Leyva, S.; Sanchez-Castro, A.; Penaranda, K.; Zegarra, V.; Soriano, P.; Paleskava, A.; Milon, P.; Konevega, A. L."
2026-04-24,17,10.64898/2026.04.22.720080,1,pharmacology and toxicology,Naringenin Attenuates Cisplatin-Induced Hepatotoxicity and Nephrotoxicity by Restoring Glutathione Homeostasis and Suppressing Lipid Peroxidation in a Murine Model,"Dev, A.; Mumbrekar, K. D."
2026-04-24,17,10.64898/2026.04.23.720452,1,microbiology,Deciphering the antifungal mechanism of Polish ethanolic extracts of propolis against Candida albicans: Evidence for a multi-target mode of action,"Bollin, P.; Pieranski, M. K.; Szczesniak, M. W.; Szweda, P."
2026-04-24,17,10.64898/2026.04.24.720606,1,biochemistry,Cryptic starter amidation in antibiotic biosynthesis by trans-acyltransferase polyketide synthases,"Zhang, Y.; Costa, M.; Duncan, J. A.; Alkhalaf, L. M.; Challis, G. L."
2026-04-24,17,10.64898/2026.04.23.720456,1,biochemistry,Transition metal activation reframes SAMHD1 regulation,"Calderone, L. A.; Gizzi, A.; Pinninti, S.; Stivers, J. T.; Pandelia, M.-E."
2026-04-24,17,10.64898/2026.04.22.720172,1,bioengineering,A Generative AI Framework to Predict Cardiomyocyte Contraction Function from Single Static Images.,"Kowalczewski, A.; Wang, C.; Wang, X.; Yang, H.; Qin, Z.; Ma, Z."
2026-04-24,17,10.64898/2026.04.23.720433,1,biophysics,XL-MS and De Novo Protein Design Identified a Common Motif for TREM2 Binding,"Perera, D.; Ajiboye, E.; Pitakatuwana, K.; Wier, S.; Duong, V.; Wu, H."
2026-04-24,17,10.64898/2026.04.23.720515,1,microbiology,Oral and gut microbiomes reveal latent physiological constraints on release readiness in rehabilitating Javan slow lorises,"Langgeng, A.; Sigaud, M.; Prameswari, W.; Priambada, N. P.; Rianti, P.; Sanchez, K. L.; Moore, R.; Lee, W.; MacIntosh, A. J. J.; Matsuda, I."
2026-04-24,17,10.64898/2026.04.24.720353,1,microbiology,Collective protection drives human gut microbiota response to amoxicillin treatment.,"Lubrano, P.; Magnan, M.; Steiner, C.; Birgy, A.; Chassaing, B.; Deschasaux-Tanguy, M.; Gutierrez, A.; Barreto, H. C.; Hobson, C.; Magreault, S.; Jullien, V.; Lescat, M.; Tenaillon, O."
2026-04-21,17,10.64898/2026.02.09.704976,2,biochemistry,Decoding the role of ADAptor2 (ADA2) of HAT complex in autophagy and phospholipid metabolism to maintain ER homeostasis and triterpene regulation,"Rathore, A.; Nawada, N. N.; Rao, M. J.; Anbarasu, M.; Manjithaya, R.; Tiwari, A. K.; Ratnasekhar, C.; DK, V. R."
2026-04-21,17,10.1101/2025.09.01.673571,2,biochemistry,The prokaryotic origins of the COMMD protein family involved in eukaryotic membrane trafficking,"Liu, M.; Moody, E. R. R.; Blades, F.; Puente-Lelievre, C.; Chen, K.-E.; Stephens, E. J.; Michie, K. A.; Cater, R. J.; Williams, T. A.; Collins, B. M.; Healy, M. D."
2026-04-21,17,10.1101/2025.04.26.649581,2,bioinformatics,Protocol for constructing correlation-based molecular networks from large-scale untargeted metabolomics data,"Lin, H.; Zhang, L.; Lotfi, A.; Jarmusch, A.; Lee, I.; Kim, A.; Morton, J.; Aksenov, A. A."
2026-04-21,17,10.64898/2026.04.17.719204,1,genomics,The causes of signed linkage disequilibrium within genomic datasets,"Stetsenko, R.; Merot, C.; Glemin, S.; Roze, D."
2026-04-21,17,10.64898/2026.04.16.718954,1,bioengineering,Beyond Histology: A Validated CUBIC-Based Workflow for Volumetric Analysis of Follicles and Cortical Vasculature in Human Ovarian Tissue,"Pavlidis, D. I.; Fischer, C. E.; Jennings, M. A.; Machlin, J. H.; Jan, V.; Baker, B. M.; Shikanov, A."
2026-04-21,17,10.64898/2026.04.17.718272,1,bioinformatics,Structure-informed Siamese graph neural networks classify CirA missense variants with implications for cefiderocol susceptibility,"Razavi, M.; Tellapragada, C.; Giske, C. G."
2026-04-21,17,10.64898/2026.04.16.718997,1,bioinformatics,scSketch: Interactive Sketch-based Trajectory Exploration and Pathway-Aware Analysis of Single-Cell Data,"Temirbek, A.; Lekschas, F.; Sankaran, K.; Colubri, A."
2026-04-21,17,10.64898/2026.04.16.719043,1,bioinformatics,ProNA3D: Distance-Based Analysis of Nucleic Acid-Containing Interfaces,"Genz, L. R.; Topf, M."
2026-04-21,17,10.64898/2026.04.16.719113,1,bioinformatics,NETWORK-BASED FUNCTIONAL FRAGILITY REVEALS SYSTEM-LEVEL REORGANIZATION OF THE GUT MICROBIOME IN INFLAMMATORY BOWEL DISEASE,"Kenavdekar, M. V.; Natarajan, E."
2026-04-21,17,10.64898/2026.04.16.718169,1,bioinformatics,Closed-Loop Multi-Objective Optimization for Receptor-Selective Cell-Penetrating Peptide Design,"Yamahata, I.; Shimamura, T.; Hayashi, S."
2026-04-21,17,10.64898/2026.04.16.718754,1,biophysics,Exposure to the antimicrobial peptides LL-37 and ATRA-1 induces a lipidome response in Staphylococcus aureus that alters membrane biophysical properties,"Fuertes, C.; Gonzalez, J. E.; Suesca, E.; Guzman-Sastoque, P.; Munoz, C.; Manrique-Moreno, M.; Carazzone, C.; Leidy, C."
2026-04-21,17,10.64898/2026.04.16.719053,1,biophysics,Inferring structure factors of weakly populated excited states in perturbative crystallography experiments,"Hekstra, D. R.; Wang, H. K.; Choe, A. K."
2026-04-21,17,10.64898/2026.04.17.719150,1,biophysics,Accurate single-bead force calibration in high-throughput magnetic tweezers reveals the mechanism of directional transcription termination by MTERF1,"America, P.; Ostrofet, E.; Johnson, B.; Quack, S.; Papini, F.; Smitskamp, Q.; Buc, D.; Arnold, J. J.; Cameron, C. E.; Dulin, D."
2026-04-21,17,10.64898/2026.04.16.719040,1,biophysics,How the Azadithiolate Ligand Impacts O2-Stability of Group B -Hydrogenase ToHydA,"Ghosh, S.; Das, C. K.; Naskar, S.; Schäfer, L. V.; Happe, T."
2026-04-21,17,10.64898/2026.04.17.719239,1,bioengineering,Nanofitin-Engineered Affinity Chromatography for Marker-Defined Extracellular Vesicle Enrichment in Scalable Downstream Processing,"Koch, L. F.; Golibrzuch, C.; Cortopassi, F.; Breitwieser, K.; Best, T.; Wuestenhagen, E.; Saul, M. J."
2026-04-21,17,10.64898/2026.04.17.717863,1,bioengineering,Investigating the coupled effects of stiffness and stretch on the trabecular meshwork cells using a hydrogel-integrated microfluidic system,"Choi, K.; Kim, M.; Lakk, M.; McDonnell, F. S.; Krizaj, D.; Kim, J."
2026-04-21,17,10.64898/2026.04.17.719271,1,bioengineering,The Mechanical Fingerprint of Hippocampal Sclerosis Linking Neuronal Cell Loss and Gliosis to Tissue Stiffness,"Hinrichsen, J.; Reiter, N.; Hoffmann, L.; Vorndran, J.; Rampp, S.; Delev, D.; Schnell, O.; Doerfler, A.; Braeuer, L.; Paulsen, F.; Bluemcke, I.; Budday, S."
2026-04-21,17,10.64898/2026.04.18.716776,1,bioinformatics,Benchmarking Generative Large Language Models for de novo Antibody Design and Agentic Evaluation,"Hossain, D.; Abir, F. A.; Zhang, S.; Chen, J. Y."
2026-04-21,17,10.64898/2026.04.21.719894,1,synthetic biology,A novel polymerase III promoter for gene editing in the agricultural pest Ceratitis capitata,"Halll, A. S.; Shackleton-Chavez, S. M.; Chapman, T.; Leftwich, P. T."
2026-04-21,17,10.64898/2026.04.20.719706,1,microbiology,Dietary Sodium Restriction Reprograms Gut Microbial Fermentation and Reduces Host Energy Harvest,"Cornman-Homonoff, J.; Rajendran, K. M.; Kolandaivelu, S.; Coon, S. D.; Kupec, J. T.; Wang, L.; Hu, G.; Jala, V. R.; Sandle, G. I.; Rajendran, V. M."
2026-04-22,17,10.64898/2026.04.20.719551,2,bioinformatics,A phylogenetic approach reveals evolutionary aspects and novel genes of bradyzoite conversion in Toxoplasma gondii,"C A, A.; Upadhayay, R.; Patankar, S."
2026-04-22,17,10.64898/2026.04.17.719187,3,biophysics,In silico model of axonal pathfinding during spinal cord regeneration in zebrafish larvae,"Neumann, O. F.; Kravikass, M.; John, N.; Ramachandran, R. G.; Steinmann, P.; Zaburdaev, V.; Wehner, D.; Budday, S."
2026-04-22,17,10.64898/2026.04.19.719524,1,bioinformatics,Structure-aware graph attention based hierarchical transformer framework for drug-target binding affinity prediction,"Kaira, V. S.; Kudari, Z. D.; P, S. S.; Bhat, R.; G, J."
2026-04-22,17,10.64898/2026.04.19.718223,1,bioinformatics,"Scalable, Generalizable, and Uncertainty-Aware Integration of Spatial Multi-Omics Across Diverse Modalities and Platforms with SCIGMA","Chang, S.; Fleischmann, A.; Ma, Y."
2026-04-22,17,10.64898/2026.04.19.719496,1,bioinformatics,BioEngine: scalable execution and adaptation of bioimage AI through agent-readable interfaces,"Mechtel, N.; Källander, H. D.; Cheng, S.; Zhang, H.; AI4Life Horizon Europe Program Consortium,  ; Ouyang, W."
2026-04-22,17,10.64898/2026.04.20.719544,1,bioinformatics,Protein inverse folding through joint modeling of surface and backbone geometry,"hong, y.; cai, y.; jiao, y.; qi, m.; Huang, Q.; Sun, L."
2026-04-22,17,10.64898/2026.04.19.719536,1,bioinformatics,Agent-Guided Ranking Policy Improvement for Peptide Drug Candidate Prioritization,"Wijaya, E."
2026-04-22,17,10.64898/2026.04.19.718092,1,bioinformatics,Network-based integration of cross-dataset proteomic profiles using fold-change directionality,"Nishizaki, M.; Araki, N.; Kawano, S."
2026-04-22,17,10.64898/2026.04.19.719462,1,bioinformatics,"A Unified Agent-Enabled Platform for Drug Repurposing across Molecular, Phenotypic, and Clinical Scales","Wang, C.; El Moussaoui, M.; Zhang, D.; Prabhakaraalva, P.; Merzliakov, S.; Zaman, N.; Chakraborty, G.; Huang, K.-l."
2026-04-22,17,10.64898/2026.04.19.719426,1,bioinformatics,"CHORD: a framework for cross-species single-cell integration across gene, cell and cell-type levels","Lin, Y.; Zhu, X.; Zhou, X.; Zhang, X.; Cai, G.; Zhao, W.; Zhou, J.; Liu, J.; Zhu, Q.; Zhang, M.; Zhou, B.; Gu, X.; Zhou, Z."
2026-04-22,17,10.64898/2026.04.19.719203,1,biophysics,Ultra-high field microstructural MRI of living cortical organoids,"Nikolaeva, T.; Jakobs, C. E.; Yon, M.; Adolfs, Y.; Singer, R.; Pasterkamp, R. J.; Krug, J. R.; Tax, C. M. W."
2026-04-22,17,10.64898/2026.04.21.719929,1,microbiology,CD164 is an endolysosomal host factor for entry of Clade A New World Arenaviruses,"Thompson, C. E.; Kaszuba, T.; Meganck, R. M.; Cornejo Pontelli, M.; Rothlauf, P. W.; Roth, M. A.; Liu, Z.; Ma, H.; Doench, J. G.; Diamond, M. S.; Fremont, D. H.; Whelan, S. P. J."
2026-04-22,17,10.64898/2026.04.20.719668,1,genomics,Estimating protein isoform abundances with PAQu,"Testa, L.; Klei, L.; Rengle, A.; Yocum, A.; Lewis, D. A.; Devlin, B.; Roeder, K.; MacDonald, M. L."
2026-04-22,17,10.64898/2026.04.20.717759,1,bioinformatics,scVIP: personalized modeling of single-cell transcriptomes for developmental and disease phenotypes,"Lai, H.-Y.; Yoo, Y.; Tjaernberg, A.; Travaglini, K. J.; Agrawal, A.; Kana, O.; van Velthoven, C.; Carroll, J. B.; Qiao, Q.; Mukherjee, S.; Fardo, D. W.; Lein, E.; Gabitto, M. I."
2026-04-22,17,10.64898/2026.04.20.719505,1,biophysics,A Multiscale Signaling--Biophysical Framework Reveals Mechanisms of Macrophage-Mediated RBC Clearance in Sickle Cell and Gaucher Disease,"Chai, Z.; Ahmadi Daryakenari, N.; Karniadakis, G. E."
2026-04-22,17,10.64898/2026.04.16.719030,1,pharmacology and toxicology,Simultaneous Cancer Treatment with Photothermal Therapy andChemotherapy using Gold nanorods coated with Methotrexate conjugatedHyaluronic acid,"Shukla, N."
2026-04-22,17,10.64898/2026.04.21.719883,1,microbiology,Enteroaggregative Escherichia clade I from Nigeria,"Dada, R. A.; Akinlabi, O. C.; Tytler, B. A.; Olayinka, B. O.; Page, A. J.; Thomson, N.; Okeke, I. N."
2026-04-22,17,10.64898/2026.04.21.719851,1,microbiology,Coupling of ATP and PMF in Escherichia coli is determined by growth conditions,"Krasnopeeva, E.; Wu, B.; Kittler, S.; Guet, C. C."
2026-04-22,17,10.64898/2026.04.21.719976,1,microbiology,"A double-blinded, placebo-controlled field trial of an OspA-based oral reservoir targeted vaccine against Borrelia burgdorferi","Schwartz, A.; Henao-Ceballos, F.; Arnold, K.; Poje, J.; Waugh, M.; Joyner, G.; Azevedo, J. F.; Baccam, T.; Kontowicz, E.; Mahachi, K.; Witucki, P.; Kundu, S.; Nair, N.; Pabon-Rodriguez, F.; Brown, G. D.; Petersen, C. A.; Gomes-Solecki, M.; Maryland Field Team,  "
2026-04-22,17,10.64898/2026.04.22.719873,1,microbiology,Managing the phyllosphere: Agronomic practices influence the ecology and evolution of Pseudomonas syringae in cherry orchards,"Zeng, Z.; Mansfield, J. W.; Vadillo-Dieguez, A.; Connell, J.; Irvine, J.; Hulin, M. T.; Stavridou, E.; Karlstrom, A.; Frutos, F. D.; Grinberg, N. F.; Rabiey, M.; Harrison, R. J.; Xu, X.; Jackson, R. W."
2026-04-23,17,10.64898/2026.01.10.698798,2,microbiology,A next generation space antimicrobial: assessing microbial activity and reduction across the International Space Station,"Armstrong, J. W.; Jessop, O. A.; Corporal, D.; Koolhof, I. S.; Chen, S.-P. R.; Wallwork, N. R.; Strydom, R.; Wilson, M. E.; Dunlap, D. S.; Muldoon, A. C.; Monteiro, M."
2026-04-23,17,10.1101/2025.06.24.660794,3,genomics,A Benchmark of Modern Statistical Phasing Methods,"Beck, A. T.; Kang, H. M.; Zoellner, S."
2026-04-23,17,10.1101/2025.07.01.662578,3,bioinformatics,Characterization of selective pressures acting on protein sites with Deep Learning,"Bergiron, E.; Nesterenko, L.; Barnier, J.; Veber, P.; Boussau, B."
2026-04-23,17,10.64898/2026.01.08.698503,3,bioinformatics,CIPHER: An end-to-end framework for designing optimized aggregated spatial transcriptomics experiments,"Hemminger, Z.; De Ocampo, H.; Xie, F.; Zhai, Z.; Li, J. J.; Wollman, R."
2026-04-23,17,10.64898/2026.04.14.718336,2,bioinformatics,"cellNexus: Quality control, annotation, aggregation and analytical layers for the Human Cell Atlas data","Shen, M.; Gao, Y.; Liu, N.; Bhuva, D.; Milton, M.; Henao, J.; Andrews, J.; Yang, E.; Zhan, C.; Liu, N.; Si, S.; Hutchison, W. J.; Shakeel, M. H.; Morgan, M.; Papenfuss, A. T.; Iskander, J.; Polo, J. M.; Mangiola, S."
2026-04-23,17,10.1101/2025.06.23.661092,2,bioinformatics,Comparative performance of reference-based metagenomic tools to identify species-level taxa among families of bacteria: benchmarking Mycobacteriaceae and Neisseriaceae,"Harrison, L. B.; Ahmed, J. O.; Coulibaly, G. M.; Veyrier, F. J."
2026-04-23,17,10.64898/2026.01.28.701874,2,biophysics,Molecular Basis of Mitochondrial Complex I Disruption by m.14484T>C-Induced Leber Hereditary Optic Neuropathy,"Ajmera, P.; Guion, D.; Barnes, S.; Sadun, A. A.; Alexandrova, A. N."
2026-04-23,17,10.64898/2026.04.06.716669,5,microbiology,Hawaiian Geothermal Fumaroles Contain Diverse and Novel Viruses,"Sen, P.; Oliver, L.; Makarova, K. S.; Wolf, Y. I.; Pavloudi, C.; Shlafstein, M.; Saw, J. H."
2026-04-23,17,10.1101/2025.08.14.670292,2,microbiology,SFTSV NSs protein is a novel tick antiviral RNAi response suppressor,"Fares, M.; McFarlane, M.; Parry, R.; Arif, R.; Clarke, A. T.; Kamel, W.; Davies, K.; Datta-Savage, R.; Schwarz-Linek, U.; Bell-Sakyi, L.; Petit, M. J.; Schnettler, E.; Castello, A.; Kohl, A.; Brennan, B."
2026-04-23,17,10.64898/2026.04.21.719819,1,genomics,Environment-aware genomic prediction enhances the transferability of polygenic resistance to ash dieback in Fraxinus excelsior,"Meger, J.; Ulaszewski, B.; Burczyk, J."
2026-04-23,17,10.64898/2026.04.21.719798,1,genomics,Focal inbreeding and clonal transmission of Plasmodium vivax in pre-elimination Vietnam,"Ngwana-Joseph, G.; Nguyen Thi Huong, B.; Nguyen Thi Hong, N.; Phelan, J. E.; Campino, S.; Nguyen Quang, T.; Clark, T. G."
2026-04-23,17,10.64898/2026.04.21.719852,1,bioengineering,DNA-Based Nanoprobes for Fluorescence K+ Sensing in Neural Systems,"Dunn, B.; Azizi, M.; Farag, S.; McAuliffe, L.; Cressman, J. R.; Veneziano, R.; Chitnis, P. V."
2026-04-23,17,10.64898/2026.04.21.719816,1,bioinformatics,"Back to BERT in 2026: ModernGENA as a Strong, Efficient Baseline for DNA Foundation Models","Aspidova, A.; Kuratov, Y.; Shadskiy, A.; Burtsev, M.; Fishman, V."
2026-04-23,17,10.64898/2026.04.20.719713,1,biophysics,The proximal N-terminus of IRAG is required for potentiation of HCN4 channels,"Blecker, L. M.; Teichman, E. M.; Peters, C. H.; Enders, D. J.; Roth, R.; Nichols, W. G.; Langley, A. A.; Proenza, C.; Bankston, J. R."
2026-04-23,17,10.64898/2026.04.20.719143,1,biophysics,Spatial scale of indentation explains shift in ratio between spinal cord gray and white matter stiffness,"Neumann, O.; Surana, H. V.; Hintze, M.; Kuerten, S.; Franz, T.; Ramachandran, R. G.; Steinmann, P.; Budday, S."
2026-04-23,17,10.64898/2026.04.21.719783,1,pharmacology and toxicology,Generation of High-Affinity Anti-GIPR Antagonist Antibodies with Sustained and Non-rebound Weight Loss in DIO Mice by AlfaBodY,"Chen, L.; Leung, K.; Long, Y.; Xu, Z.; Zhang, N.; Chen, G.; Chen, W.; Chen, Z.; Wang, A.; Liang, Z.; Wang, Y.; Zeng, Y."
2026-04-23,17,10.64898/2026.04.21.719822,1,genomics,OneGenomeRice (OGR): A Genomic Foundation Model for Rice,"Qian, B.; Liang, C.; Qin, C.; Liu, C.; Zhang, C.; Xu, C.; Li, D.; Xue, G.; He, H.; Zhang, H.; He, H.; Chen, D.; Xu, J.; Zhang, J.; Sun, J.; Shang, L.; Jiang, J.; Xia, K.-k.; Zhong, L.; Chen, L.-l.; Fan, L.; Liu, L.; Qin, M.-m.; Li, Q.; Zhu, S.; Ma, S.; Liu, S.; Zhang, S.; Fu, S.; Wei, T.; Xu, X.; Jia, X.; Xu, X.; Jing, Y.; Xu, Y.; Zhao, Y.; Xue, Y.; Guo, Y.; Xiao, Z.; Li, Z.; Li, Z.; Yue, Z.; Deng, Z."
2026-04-24,17,10.1101/2024.03.29.586458,3,genomics,Genome-targeted enrichment and sequencing of human-infecting Cryptosporidium spp.,"Bayona Vasquez, N. J.; Sullivan, A. H.; Beaudry, M. S.; Khan, A.; de Paula Baptista, R.; Petersen, K. N.; Bhuiyan, M. I. U.; Brunelle, B.; Robinson, G.; Chalmers, R. M.; Alves-Ferreira, E. V.; Grigg, M. E.; Kissinger, J. C.; Glenn, T. C."
2026-04-24,17,10.1101/2025.10.02.679855,2,genomics,Skeletal muscle enhancer programming of cardiorespiratory fitness,"Weitzel, A. M.; Orchard, P.; Evans, C.; Manickam, N.; Treutelaar, M. K.; Britton, S. L.; Koch, L. G.; Li, J. Z.; Parker, S. C. J.; Burant, C. F."
2026-04-24,17,10.1101/2025.11.06.687066,3,bioinformatics,"A De Novo Algorithm for Allele Reconstruction from Oxford Nanopore Amplicon Reads, with Application to CYP2D6","Brown, S. D.; Dreolini, L.; Minor, A.; Mozel, M.; Wong, N.; Mar, S.; Lieu, A.; Khan, M.; Carlson, A.; Hrynchak, M.; Holt, R. A.; Missirlis, P. I."
2026-04-24,17,10.64898/2026.02.25.707869,2,bioinformatics,Gene-First Identity Construction for Robust Cell Identification in Single-Cell Transcriptomics,"Yang, L.; Huang, Z.; Cai, J.; Xin, H."
2026-04-24,17,10.64898/2026.01.22.701099,3,bioinformatics,MetaTree: an interactive web platform for aligned hierarchical data visualization and multi-group comparison,"Wu, Q.; Zhang, A.; Ning, Z.; Figeys, D."
2026-04-24,17,10.64898/2026.03.27.714601,2,biophysics,The limits of scaling in aggregation-driven patterning of cell collectives,"Zhao, M. L.; Rombouts, J.; Stokkermans, A.; Erzberger, A.; Aulehla, A."
2026-04-24,17,10.64898/2026.04.21.720011,1,biophysics,Cooling fast and slow: Characterising the effects of vitrification in cryo-EM and the subsequent recovery of equilibrium populations,"Clark, R.; Smith, L. G.; Leighton, M. P.; Szukalo, R. J.; Khalid, S.; Debenedetti, P. G.; Cossio, P.; Astore, M. A.; Hanson, S. M."
2026-04-24,17,10.64898/2026.04.23.720307,1,biochemistry,Structural and biochemical insights reveal substrate-modulated nuclease activity of ComEC during DNA processing,"Deselaers, S.; Wang, D.; Cairoli, T.; Afanasyev, P.; Hospenthal, M. K."
2026-04-24,17,10.64898/2026.04.23.720493,1,bioengineering,Identification of AAV Capsids with Enhanced Intravitreal Transduction and Favorable Safety Profile in Non-Human Primates,"Luo, Y.; Wang, Z.; Li, H.; Sun, Z.; Xu, X.; Zhang, Q.; Zhao, P.; Wang, L.; Xiao, T.; Yu, M.; Wang, S.; He, R.; Hu, C.; Li, D.; Sun, B.; Zhang, L.; An, Z."
2026-04-24,17,10.64898/2026.04.24.720611,1,bioengineering,IGF2BP2 links m6A-modified HMGA1 mRNA stability to mitochondrial metabolism and cell proliferation,"Cui, Z.-M.; Lu, J.; Xu, Y.-Y.; Feng, Y.-Y.; Guo, Y.; Gao, Y.-P.; Wang, W.; Qiu, L.-L.; Wang, X.-Y.; Hua, Z.-C.; Wang, T.-Y.; Jia, Y.-L."
2026-04-24,17,10.64898/2026.04.22.720171,1,bioengineering,Characterization and Validation of Compressed Sensing for Time-of-Flight MRI Angiography of the Human Brain at 3T and 7T,"Radman, G.; Zhong, X. Z.; Kulkarni, M.; Perosa, V.; Matthews, J. J. L.; Callaghan, M. F.; Duzel, E.; Hammerer, D.; Femminella, G. D.; Chen, J. J.; Olsen, R."
2026-04-24,17,10.64898/2026.04.23.720519,1,bioinformatics,Graph Neural Networks (GNNs) for Protein-Ligand Interaction Prediction,"Khilar, S.; Natarajan, E."
2026-04-24,17,10.64898/2026.04.22.720141,1,biophysics,"Repetition-controllable gain-managed nonlinear fiber amplifier enables ultrashort, multiphoton imaging with reduced photodamage","Read, J.; Xu, D.; Yan, J.; Rawlings, A.; Chugh, S.; Spalluto, M. C.; Elkington, P. T.; Kanczler, J.; Lane, S. I. R.; Mahajan, S.; Xu, L."
2026-04-24,17,10.64898/2026.04.24.720558,1,microbiology,Global-scale microbiome analyses identify an ancestral gut cyanobacterial lineage enriched in African populations,"Murai, K.; Suzuki, Y.; Nishijima, S."
2026-04-24,17,10.64898/2026.04.24.720626,1,microbiology,Optimizing a Culture-Enriched Hybrid Metagenomics Pipeline to Assess the AMR Footprint of Livestock Manure in Anaerobic Digestate,"Rahman, N.; Rahman, A. S. M. Z.; Levin, D. B.; McAllister, T.; Cicek, N.; Derakhshani, H."
2026-04-24,17,10.64898/2026.04.24.720002,1,microbiology,Chromosomal markerless integration of anthelmintic Cry proteins into the Bacillus thuringiensis genome,"Flanagan, K. A.; Cazeault, N.; Li, H.; Kass, E.; Petersson, K.; Aroian, R. V."
2026-04-24,17,10.64898/2026.04.23.720448,1,microbiology,Fulfilling Koch-like postulates for fungal-animal mutualists: gallery and mycangial colonization by Xyleborus ambrosia symbiotic fungi,"Masoudi, A.; Valdiviezo, M. J.; Tirmizi, E.; Joseph, R. A.; Keyhani, N. O."
2026-04-24,17,10.64898/2026.04.23.720443,1,microbiology,Resolving Phytophthora α2 hormone biosynthesis reveals species-specific mechanisms for mating type regulation,"Milenovic, M.; Jozwiak, A.; Judelson, H. S."
2026-04-24,17,10.64898/2026.04.23.720395,1,microbiology,Pathogen-induced formation of a nascent organelle derived from mitochondria,"Pernas, L.; Li, X.; Sun, Y.; Delgado, J. M."
2026-04-26,17,10.64898/2026.04.22.720178,1,bioinformatics,A Systematic Approach Toward Implementing Machine Learning Techniques to Analyze Gut Microbiome Data,"Jahanikia, S.; Taada, A.; George, A.; Biruduraju, D.; Lu, E.; Singh, I.; Chhajer, K.; Wang, M.; Pentela, T."
2026-04-26,17,10.64898/2026.04.22.720210,1,bioinformatics,Cross-Species Adaptation of RETFound for Rodent OCT Age Estimation Reveals Strong CNN Baselines in Data-Scarce Space Biology,"Hayati, A.; Gong, J.; Nagesh, V.; Avci, P.; Ong, A. Y.; Masalkhi, M.; Engelmann, J.; Karouia, F.; Scott, R. T.; Keane, P. A.; Costes, S. V.; Sanders, L. M."
2026-04-26,17,10.64898/2026.04.22.720259,1,bioinformatics,AlphaUnfold: Probing Potential Unfolding and Structural Fragility in AlphaFold3 Models via Short-Time High-Pressure MD,"Pegado, F. J. d. O.; Ortega, J. M.; Silva, J. R. P."
2026-04-26,17,10.64898/2026.04.24.720726,1,biophysics,Origins of reactivity in SAM-utilizing ribozyme SAMURI-catalyzed RNA alkylation,"Puyo-Fourtine, J.; Du, Y.; McCarthy, E.; Ekesan, S.; York, D. M."
2026-04-26,17,10.64898/2026.04.23.720511,1,biophysics,Structure of a sparsely populated chimeric intermediate that facilitates fold-switching of a metamorphic protein,"Nandi, B.; Sekhar, A."
2026-04-26,17,10.64898/2026.04.23.720115,1,biophysics,A single-molecule reporter of membrane-proximal actin detects rapid remodeling upon B cell receptor clustering,"Decker, A.; Veatch, S. L."
2026-04-26,17,10.64898/2026.04.24.720717,1,biophysics,"RNA2PS: A sequence-specific coarse-grained RNA model linking structure, thermodynamics and phase separation","Tejedor, A. R.; Luengo-Marquez, J.; Iscar, J. O.; Garcia, J. R.; Ocana, A.; Collepardo-Guevara, R.; Gonzalez, P. L.; Espinosa, J. R."
2026-04-26,17,10.64898/2026.04.22.720219,1,bioengineering,A Self-Sustaining Mechanism for Endothelial Tension Maintenance Through GqGPCR Signaling,"Goykadosh, B. M.; Chander, V.; Parameswaran, H. M."
2026-04-26,17,10.64898/2026.04.23.720296,1,bioinformatics,Controlling for DNA dosage with Whole Genome Sequencing improves ATAC-seq peak calling,"Vroland, C.; Salma, M.; Zhigulev, A.; Sahlen, P.; Soler, E.; Brehelin, L.; Lecellier, C.-H."
2026-04-26,17,10.64898/2026.04.22.720255,1,bioinformatics,Geometric Theoretical Framework for Dynamic Protein Mutation Detection Models: Defect Awareness and Pathogenicity Prediction,"Shao, H."
2026-04-26,17,10.64898/2026.04.22.720253,1,bioinformatics,SNAC-DB: An ML-Ready Database for Antibody and NANOBODY(R) VHH-Antigen Complexes with Expanded Structural Diversity and Real-World Benchmarking,"Gupta, A.; Munoz Rivero, B.; Li, R.; Roel-Touris, J.; Fomekong Nanfack, Y.; Wendt, M.; Qiu, Y.; Furtmann, N."
2026-04-26,17,10.64898/2026.04.22.720257,1,biophysics,Intranuclear Quantum Sensing with Fluorescent Nanodiamond Enabled by Electron-Irradiation and Surface-Chemical Optimization for Microinjection,"Kato, Y. S.; Shiraya, K.; Shimazaki, Y.; Gutz, A.; Fujimaki, D.; Abe, H.; Ohshima, T.; Fujita, K.; Harada, Y.; Sotoma, S."
2026-04-22,17,10.64898/2026.04.12.717943,2,bioengineering,"Architecture-Dependent Stability, Cellular Uptake, and Redox Modulation of Poly(p-Coumaric Acid) Hybrid Nanoparticles for Ovarian Carcinoma Intervention","Megahed, M.; Harun, A.; Herrera, K.; Rashid, M. H.; De Leon, I.; Srivastava, I."
2026-04-22,17,10.64898/2026.04.20.719575,1,biochemistry,ZDHHC13 is a likely pseudoenzyme protein S-acyltransferase that functions via a non-canonical mechanism,"Petropavlovskiy, A. A.; Church, A. M.; Doerksen, A. H.; Bakhareva, D. A.; Sellar, E. P.; Herath, N. N.; Sanders, S. S."
2026-04-22,17,10.64898/2026.04.20.719538,1,bioinformatics,Human-supervised Agentic AI for Hypothesis Generation and Experimental Assistance in Drug Repurposing,"Huynh, D.-L.; Asp, E.; Ballante, F.; Puigvert, J. C.; DeGrave, A.; Karki, R.; Nader, K.; Östling, P.; Pokharel, B.; Rietdijk, J.; Schlotawa, L.; Schmidt, L.; Seal, S.; Seashore-Ludlow, B.; Aittokallio, T.; Spjuth, O."
2026-04-24,17,10.1101/2025.09.24.678246,2,microbiology,Validating Conditionally Essential Targets: Discovery of the First Orally Effective Biotin Inhibitor against MycobacteriumTuberculosis,"Liu, Q.; Wallach, J. B.; Jayasinghe, Y. P.; Sullivan, M. R.; Proietto, J.; Rodriguez, S.; Vo, S.; Boshoff, H. I. M.; Jia, Z.; Ostrer, L.; Mehdiratta, K.; Shi, R.; Dartois, V.; Baughn, A. D.; Rubin, E. J.; Ronning, D. R.; Zimmerman, M. D.; Schnappinger, D.; Aldrich, C. C."
2026-04-24,17,10.64898/2026.04.22.716334,1,biophysics,Covalently linked peptides and membrane potential enable CyaA segment translocation,"Scilironi, G.; Carvalho, N.; Frangieh, J.; Leger, C.; Raoux-Barbot, D.; Guijarro, J. I.; Ladant, D.; Cribier, S.; Rodriguez, N.; CHENAL, A."
2026-04-24,17,10.64898/2026.04.21.719986,1,biophysics,Conformational Ensembles of the Disordered 4E-BP2:eIF4E Complex Restrained by smFRET Experiments,"Smyth, S.; Liu, Z. H.; Tsangaris, T.; Head-Gordon, T.; Forman-Kay, J. D.; Gradinaru, C. C."
2026-04-24,17,10.64898/2026.04.23.720277,1,biochemistry,Zero-shot design of a de novo metalloenzyme,"El Nesr, G.; Duerr, S. L.; Mathews, I. I.; Wen, Q.; Zhao, K.; Sarangi, R.; Roethlisberger, U.; Sunden, F.; Huang, P."
2026-04-26,17,10.64898/2026.04.22.718747,1,bioengineering,"MMH: A multimodal dataset of whole-body kinematics, bilateral ground reaction forces, and lower-limb surface electromyography signals during load lifting and lowering","Mohseni, M.; Hulleck, A. A.; El Rich, M.; Arjmand, N."
2026-04-26,17,10.64898/2026.04.22.720197,1,bioengineering,A Deep Learning-Based Scoring Framework for Large-Scale Multi-Donor Cardiotoxicity Screening,"Vu, D.; Kowalczewski, A.; Burnett, S.; Sakolish, C.; Liu, X.; Yang, H.; Rusyn, I.; Ma, Z."
2026-04-24,17,10.64898/2026.04.07.717018,2,microbiology,Gel-forming fibres differentially modulate inulin fermentation: A comparison of psyllium and methylcellulose in in vitro colonic models,"Modasia, A. A.; Reid, J.; Alhasani, A.; Booth, C.; Harris, H.; Hoad, C.; Gowland, P. A.; Yakubov, G.; Corsetti, M.; Marciani, L.; Spiller, R.; Warren, F."
2026-04-24,17,10.1101/2024.07.15.603538,3,bioinformatics,Modeling causal signal propagation in multi-omic factor space with COSMOS,"Dugourd, A.; Lafrenz, P.; Mananes, D.; Paton, V.; Fallegger, R.; Bai, Y.; Kroger, A.-C.; Turei, D.; Li, Y.; Trogdon, M.; Nager, D.; Deng, S.; Shen, C.; Lapek, J. D.; Shtylla, B.; Saez-Rodriguez, J."
2026-04-24,17,10.1101/2025.07.01.662578,4,bioinformatics,Characterization of selective pressures acting on protein sites with Deep Learning,"Bergiron, E.; Nesterenko, L.; Barnier, J.; Veber, P.; Boussau, B."
2026-04-24,17,10.64898/2026.04.21.719968,1,biochemistry,Fluorescent non-canonical amino acid as a site-specific conformational probe of prion formation,"de Alcantara Ferreira, J.; Walsh, D. J.; Turnbaugh, E.; Mills, J. H.; Supattapone, S."
2026-04-24,17,10.64898/2026.04.21.719764,1,bioengineering,Inverse-scattering of absorptive samples via beam propagation,"Wagenaar, P.; Kim, J.; Swartz, M. E.; Eberhart, J. K.; Chowdhury, S."
2026-04-24,17,10.64898/2026.04.21.720045,1,bioengineering,Compressive axial-integrated planar scanning (CAPS) microscopy for high-speed volumetric imaging of cardiac dynamics,"Zhang, X.; Chai, J.; Gong, Y.; Almasian, M.; Brewer, J. A.; Saberigarakani, A.; Jia, J.; Hines, A.; Carroll, K. J.; Lou, Y.; Ding, Y."
2026-04-24,17,10.64898/2026.04.21.720034,1,bioengineering,Platinum Cross-linked Collagen Matrices with Tunable Stiffness as a Platform to Investigate Cellular Mechanosensing,"Ichise, S. F.; Taga, Y.; Fujita, K.; Koide, T."
2026-04-24,17,10.64898/2026.04.21.719876,1,bioinformatics,Probabilistic coupling of cellular and microenvironmental heterogeneity by masked self-supervised learning,"Kojima, Y.; Tanaka, Y.; Hirose, H.; Chiwaki, F.; Nishimura, K.; Hayashi, S.; Itahashi, K.; Ishikawa, M.; Shimamura, T.; Mano, H."
2026-04-24,17,10.64898/2026.04.21.720041,1,bioinformatics,Efficient and scalable modelling of cotranscriptional RNA folding with deterministic and iterative RNA structure sampling,"Courtney, E.; Choi, E.; Ward, M.; Lucks, J. B."
2026-04-24,17,10.64898/2026.04.21.719734,1,bioinformatics,Verticall: A fast and robust tool for recombination detection in large-scale bacterial genomic datasets,"Odih, E. E.; Wick, R. R.; Holt, K. E."
2026-04-24,17,10.64898/2026.04.21.720042,1,bioinformatics,Systematic Evaluation of AlphaFold2 and OpenFold3 on Protein-Peptide Complexes,"Fayetorbay, R.; Timucin, A. C.; Timucin, E."
2026-04-24,17,10.64898/2026.04.21.717342,1,bioinformatics,H2O: A Foundation Model Bridging Histopathology to Spatial Multi-Omics Profiling,"Gu, Y.; Wu, Z.; Yan, R.; Wang, Z.; Li, Y.; Lin, S.; Cui, Y.; Lai, H.; Luo, X.; Zhou, S. K.; Yuan, Z.; Yao, J."
2026-04-24,17,10.64898/2026.04.21.720023,1,bioinformatics,Genomic dialects: How amino acid properties and the second codon base shape the informational accents of life,"Martinez, O.; Ochoa-Alejo, N."
2026-04-24,17,10.64898/2026.04.21.719961,1,bioinformatics,Turep: Detecting cross-cancer tumor-reactive T cells in single-cell and spatial transcriptomics data,"Liu, W.; Tung, C.-H.; Sevick-Muraca, E. M.; Zhao, Z."
2026-04-24,17,10.64898/2026.04.23.720442,1,microbiology,"A genome-wide screen in Pseudomonas aeruginosa identifies genes impacting production of the hemolytic phospholipase C/sphingomyelinase, PlcH","Schutz, K.; Evans, O. F.; Mackinder, J. R.; DiGianivittorio, P.; Patwardhan, A.; Wargo, M. J."
2026-04-24,17,10.64898/2026.04.23.720421,1,microbiology,Rapid activation of dormant type IV pili enables a dispersal-infection tradeoff in environments with fluctuating nutrients,"Yusuf, A. O.; Modi, Z. K.; Koch, M. D."
2026-04-24,17,10.64898/2026.04.23.720460,1,microbiology,Fatty acid auxotrophy as driver of Lactobacillus symbiosis in the female urinary tract,"Neugent, M. L.; Dalvi, H. H.; Saenz, C. N.; Gauch, J. L.; Koonjbearry, N. S.; Komarovsky, J.; Lim, K. C.; Spiro, E.; De Nisco, N. J."
2026-04-24,17,10.64898/2026.04.23.720289,1,microbiology,SUSTAINABLE MICROBIAL BIOTRANSFORMATION OF CR(VI) TO CR(III) IN TANNERY EFFLUENT AND ITS VALORIZATION INTO CR(III) NANOPARTICLES VIA TRIDAX PROCUMBENS-MEDIATED GREEN SYNTHESIS,"Asokan, N."
2026-04-24,17,10.64898/2026.04.22.720035,1,microbiology,Bacteriocin Diversity and Antiviral Potential of Lactiplantibacillus pentosus from Fermented Rice.,"Cheruvari, A.; kammara, R."
2026-04-26,17,10.64898/2026.04.26.720869,1,microbiology,Metabolic dehalogenation of halomethanes by mercury methylators,"Wang, S.; Shen, R.; Su, Y.; Li, Q.; Wu, N.; Lu, Q.; Sun, Y.; Dang, F.; Lu, Y.; Chen, L.; Hou, D.; Mai, B.-X.; Zhang, T.; Qiu, R."
2026-04-26,17,10.64898/2026.04.24.720480,1,biochemistry,De novo design of a macrocycle induced dimerization system for cellular control,"Baker, D.; Hanna, S.; Salveson, P.; Wicky, B.; Kennedy, M.; Hicks, D.; Moller, C.; Cheng, S.; Li, X.; Abedi, M.; Coventry, B.; Said, M.; Bera, A. K.; Kang, A.; Stoddard, B. L."
2026-04-26,17,10.64898/2026.04.24.720753,1,biochemistry,"Biochemical and structural characterisation of MprF homologue,LpiA from Agrobacterium","Dhole, S.; Sabharwal, P.; Kutti, V. R."
2026-04-26,17,10.64898/2026.04.24.720730,1,biochemistry,Hybrid genome-scale modeling and machine learning reveal cost-efficient strategies for phototrophic PHB production in Rhodopseudomonas palustris,"Hernandez Gonzalez, H. A.; Buitron, G."
2026-04-26,17,10.64898/2026.04.22.720266,1,bioengineering,In Silico ModeIling of Shear Stress and Energy Dissipation Rate Effects on Human Pluripotent Stem Cell Proliferation in Vertical-Wheel Bioreactors,"Avikpe, F. R.; Alibhai, F. J.; Romero, D. A.; Mostofinejad, A.; Bauer, J. E. S.; Montague, C.; Laflamme, M.; Amon, C. H."
2026-04-26,17,10.64898/2026.04.22.720258,1,bioengineering,Adding iPSC donor lines does not adequately control for genetic heterogeneity,"Shvetcov, A.; Thomson, S.; Finney, C. A."
2026-04-25,17,10.64898/2026.04.24.720661,1,microbiology,A branching cell-fate decision in biofilm dispersal enables long-term surface persistence,"Kasivisweswaran, S.; Prentice, J. A.; Bridges, A. A."
2026-04-25,17,10.64898/2026.04.24.720747,1,microbiology,Agroforestry reshapes soil bacterial communities to enhance Ricinus communis oil quality and bioactivity over monocropping: comparative metagenomics and culture-dependent insights,"SAHARAN, K.; Pagaria, P.; Bano, T.; Chauhan, N.; Mandi, R.; Mohd, A.; Jameriya, R.; Kumar, R.; Yadav, P.; Yadav, P.; Rathee, N.; Chauhan, N. S.; SADHUKHAN, A."
2026-04-25,17,10.64898/2026.04.24.720668,1,microbiology,"Enterococcus faecalis autolysin, EpaU, binds the enterococcal polysaccharide antigen via its teichoic acid-like repeats and modulates c-di-AMP signaling","Chaton, C. T.; Murner, N. R.; Zamakhaeva, S.; Rush, J. S.; Kenner, C. W.; Yarawsky, A. E.; Huang, L.; Azadi, P.; Herr, A. B.; Korotkova, N.; Korotkov, K. V."
2026-04-25,17,10.64898/2026.04.24.719001,1,microbiology,"Defined Mars Media (DMM), a chemically defined simulant of the soluble macro- and micro- nutrients in Mars regolith for use in biological research","Greene, H.; Nattermann, U.; Stork, D. A.; Martin, F. R.; Schubert, M. G.; Pedersen, T.; Sukarto, E.; Spens, A.; Mancuso, J. E.; Isaev, K.; Hicks, N. D.; Liu, J.; Harris, R.; Cockell, C. S.; Kounaves, S. P.; DeBenedictis, E. A."
2026-04-25,17,10.64898/2026.04.24.720711,1,microbiology,Intranasal Colonization of Germ-Free Mice with Human Nasal Microbial Communities,"Shekhar, S.; Michl, A.; Srutkova, D.; Gorska, S.; Petersen, F. C.; Schwarzer, M."
2026-04-25,17,10.64898/2026.04.22.720252,1,biochemistry,Lag phase length of IAPP amyloid formation predicts the duration of β-cell toxicity,"Plesner, A.; Cao, P.; Raleigh, D.; Abedini, A."
2026-04-25,17,10.64898/2026.04.24.720684,1,biochemistry,Engineering modular cargo loading strategies for carboxysome-derived protein particles,"Mak, C. A.; Baumann, R. M.; Vecchiarelli, A. G."
2026-04-25,17,10.64898/2026.04.24.720693,1,microbiology,Eggerthella lenta evades bacteriophage through reversible megabase-scale inversions of capsular polysaccharide gene clusters,"Zhang, S.; Buttimer, C.; Trepka, K. R.; Lam, K. N.; Hernandez, L. R.; Soto-Perez, P.; Noecker, C.; Canigiula, P.; Ortega, E.; Lee, J.; Ramirez, L.; Partipilo, G.; Lawrence, T.; Bottacini, F.; Shkoporov, A. N.; Draper, L.; Ross, R. P.; Coffey, A.; Hill, C.; Turnbaugh, P. J."
2026-04-25,17,10.64898/2026.04.24.720673,1,microbiology,Convergent lignocellulose degradation in terrestrial crabs is driven by distinct host genus-specific microbial communities,"Watson-Zink, V. M.; Wilkins, L. G. E.; Eisen, J. A.; Grosberg, R. K.; Ettinger, C. L."
2026-04-25,17,10.64898/2026.04.25.720663,1,microbiology,MOLECULAR INSIGHTS INTO PESTICIDE TOLERANCE: PROTEIN INDUCTION AND DNA DAMAGE IN ORGANOPHOSPHATE-DEGRADING BACTERIA,"Asokan, N."
2026-04-26,17,10.64898/2026.04.21.720029,1,bioinformatics,Integrative Clinical-Molecular Modeling Identifies LRRN4CL as a Determinant of Structural and Functional Myocardial Improvement,"Johnson, E.; Visker, J. R.; Brintz, B. J.; Kyriakopoulos, C. P.; Jeong, J.; Zhang, Y.; Shankar, T. S.; Hillas, Y.; Taleb, I.; Badolia, R.; Amrute, J. M.; Stubben, C. J.; Cedeno-Rosario, L.; Kyriakoulis, I.; Sideris, K.; Ling, J.; Hamouche, R.; Tseliou, E.; Navankasattusas, S.; Ducker, G. S.; Rutter, J.; Holland, W. L.; Summers, S. A.; Hong, T.; Koenig, S. C.; Hanff, T. C.; Lavine, K. J.; Greene, T.; Bailey, S.; Alharethi, R.; Selzman, C. H.; Shah, P.; Guo, H.; Slaughter, M. S.; Kanwar, M. K.; Drakos, S. G."
2026-04-26,17,10.64898/2026.04.24.720579,1,microbiology,The strictly conserved GGG-tracts in the 5' and 3' long terminal repeat of HIV-1 are critical to control multiple steps of HIV-1 replication to prevent acquisition of unwanted mutations in the region,"Yoshida, T.; Kasuya, Y.; Matano, T.; Masuda, T.; Yamamoto, H."
2026-04-26,17,10.64898/2026.04.15.718636,1,microbiology,Anopheles stephensi bionomics and epidemiology in Ethiopia: A systematic review and meta-analysis with implications for urban malaria control,"Wakuma, T. B.; Wakgari, K. L.; Gutema, A. D.; Jinfessa, L. R."
2026-04-26,17,10.64898/2026.04.24.720549,1,microbiology,A Murine Model of Mycobacterium abscessus Encapsulated in Alginate-Beads: Advancing Toward a Chronic Infection Model,"Rima, M.; Chauffour, A.; Tournebize, R.; Poignon, C.; Wong, S.; Mai, T. C.; Bitar, M.; Mehrabdollahi, R.; ZAHR, N.; Coradin, T.; Aubry, A.; Veziris, N."
2026-04-26,17,10.64898/2026.04.23.720431,1,microbiology,Divergent coronaviruses discovered in the virome of lamprey with reddening syndrome,"Darnley, J. A.; Waller, S.; French, R. K.; Parata, R.; Kumanan, K.; Finn, L.; Yick, J. L.; Kitson, J.; Cahill, P.; Davidson, I.; Hunter, R. B. J.; Newman, B.; Hutson, K. S.; Geoghegan, J. L."
